date-time,time,Rm0
,1622505600.0,26.0
,1622505630.0,26.00166130065918
,1622505660.0,26.003320693969727
,1622505690.0,26.00497817993164
,1622505720.0,26.006633758544922
,1622505750.0,26.00828742980957
,1622505780.0,26.009939193725586
,1622505810.0,26.01158905029297
,1622505840.0,26.01323699951172
,1622505870.0,26.014883041381836
,1622505900.0,26.01652717590332
,1622505930.0,26.018169403076172
,1622505960.0,26.01980972290039
,1622505990.0,26.021448135375977
,1622506020.0,26.02308464050293
,1622506050.0,26.02471923828125
,1622506080.0,26.026351928710938
,1622506110.0,26.027982711791992
,1622506140.0,26.029611587524414
,1622506170.0,26.031238555908203
,1622506200.0,26.03286361694336
,1622506230.0,26.034486770629883
,1622506260.0,26.036108016967773
,1622506290.0,26.03772735595703
,1622506320.0,26.039344787597656
,1622506350.0,26.04096031188965
,1622506380.0,26.042573928833008
,1622506410.0,26.044185638427734
,1622506440.0,26.045795440673828
,1622506470.0,26.04740333557129
,1622506500.0,26.049009323120117
,1622506530.0,26.050613403320312
,1622506560.0,26.052215576171875
,1622506590.0,26.053815841674805
,1622506620.0,26.0554141998291
,1622506650.0,26.057010650634766
,1622506680.0,26.058605194091797
,1622506710.0,26.060197830200195
,1622506740.0,26.06178855895996
,1622506770.0,26.063377380371094
,1622506800.0,26.064964294433594
,1622506830.0,26.06654930114746
,1622506860.0,26.068132400512695
,1622506890.0,26.069713592529297
,1622506920.0,26.071292877197266
,1622506950.0,26.072872161865234
,1622506980.0,26.07444953918457
,1622507010.0,26.076025009155273
,1622507040.0,26.077598571777344
,1622507070.0,26.07917022705078
,1622507100.0,26.080739974975586
,1622507130.0,26.082307815551758
,1622507160.0,26.083873748779297
,1622507190.0,26.085437774658203
,1622507220.0,26.086999893188477
,1622507250.0,26.088560104370117
,1622507280.0,26.090118408203125
,1622507310.0,26.0916748046875
,1622507340.0,26.093229293823242
,1622507370.0,26.09478187561035
,1622507400.0,26.096332550048828
,1622507430.0,26.097881317138672
,1622507460.0,26.099428176879883
,1622507490.0,26.10097312927246
,1622507520.0,26.102516174316406
,1622507550.0,26.10405731201172
,1622507580.0,26.1055965423584
,1622507610.0,26.107133865356445
,1622507640.0,26.10866928100586
,1622507670.0,26.110204696655273
,1622507700.0,26.111738204956055
,1622507730.0,26.113269805908203
,1622507760.0,26.11479949951172
,1622507790.0,26.1163272857666
,1622507820.0,26.11785316467285
,1622507850.0,26.11937713623047
,1622507880.0,26.120899200439453
,1622507910.0,26.122419357299805
,1622507940.0,26.123937606811523
,1622507970.0,26.12545394897461
,1622508000.0,26.126968383789062
,1622508030.0,26.128480911254883
,1622508060.0,26.12999153137207
,1622508090.0,26.131500244140625
,1622508120.0,26.133007049560547
,1622508150.0,26.13451385498047
,1622508180.0,26.136018753051758
,1622508210.0,26.137521743774414
,1622508240.0,26.139022827148438
,1622508270.0,26.140522003173828
,1622508300.0,26.142019271850586
,1622508330.0,26.14351463317871
,1622508360.0,26.145008087158203
,1622508390.0,26.146499633789062
,1622508420.0,26.14798927307129
,1622508450.0,26.149477005004883
,1622508480.0,26.150962829589844
,1622508510.0,26.152448654174805
,1622508540.0,26.153932571411133
,1622508570.0,26.155414581298828
,1622508600.0,26.15689468383789
,1622508630.0,26.15837287902832
,1622508660.0,26.159849166870117
,1622508690.0,26.16132354736328
,1622508720.0,26.162796020507812
,1622508750.0,26.16426658630371
,1622508780.0,26.165735244750977
,1622508810.0,26.16720199584961
,1622508840.0,26.168668746948242
,1622508870.0,26.170133590698242
,1622508900.0,26.17159652709961
,1622508930.0,26.173057556152344
,1622508960.0,26.174516677856445
,1622508990.0,26.175973892211914
,1622509020.0,26.17742919921875
,1622509050.0,26.178882598876953
,1622509080.0,26.180334091186523
,1622509110.0,26.18178367614746
,1622509140.0,26.1832332611084
,1622509170.0,26.184680938720703
,1622509200.0,26.186126708984375
,1622509230.0,26.187570571899414
,1622509260.0,26.18901252746582
,1622509290.0,26.190452575683594
,1622509320.0,26.191890716552734
,1622509350.0,26.193326950073242
,1622509380.0,26.194761276245117
,1622509410.0,26.196195602416992
,1622509440.0,26.197628021240234
,1622509470.0,26.199058532714844
,1622509500.0,26.20048713684082
,1622509530.0,26.201913833618164
,1622509560.0,26.203338623046875
,1622509590.0,26.204761505126953
,1622509620.0,26.2061824798584
,1622509650.0,26.207603454589844
,1622509680.0,26.209022521972656
,1622509710.0,26.210439682006836
,1622509740.0,26.211854934692383
,1622509770.0,26.213268280029297
,1622509800.0,26.214679718017578
,1622509830.0,26.216089248657227
,1622509860.0,26.217496871948242
,1622509890.0,26.218904495239258
,1622509920.0,26.22031021118164
,1622509950.0,26.22171401977539
,1622509980.0,26.223115921020508
,1622510010.0,26.224515914916992
,1622510040.0,26.225914001464844
,1622510070.0,26.227310180664062
,1622510100.0,26.22870635986328
,1622510130.0,26.230100631713867
,1622510160.0,26.23149299621582
,1622510190.0,26.23288345336914
,1622510220.0,26.234272003173828
,1622510250.0,26.235658645629883
,1622510280.0,26.237043380737305
,1622510310.0,26.238428115844727
,1622510340.0,26.239810943603516
,1622510370.0,26.241191864013672
,1622510400.0,26.242570877075195
,1622510430.0,26.243947982788086
,1622510460.0,26.245323181152344
,1622510490.0,26.2466983795166
,1622510520.0,26.248071670532227
,1622510550.0,26.24944305419922
,1622510580.0,26.250812530517578
,1622510610.0,26.252180099487305
,1622510640.0,26.2535457611084
,1622510670.0,26.25490951538086
,1622510700.0,26.25627326965332
,1622510730.0,26.25763511657715
,1622510760.0,26.258995056152344
,1622510790.0,26.260353088378906
,1622510820.0,26.261709213256836
,1622510850.0,26.263063430786133
,1622510880.0,26.26441764831543
,1622510910.0,26.265769958496094
,1622510940.0,26.267120361328125
,1622510970.0,26.268468856811523
,1622511000.0,26.26981544494629
,1622511030.0,26.271160125732422
,1622511060.0,26.272504806518555
,1622511090.0,26.273847579956055
,1622511120.0,26.275188446044922
,1622511150.0,26.276527404785156
,1622511180.0,26.277864456176758
,1622511210.0,26.27920150756836
,1622511240.0,26.280536651611328
,1622511270.0,26.281869888305664
,1622511300.0,26.283201217651367
,1622511330.0,26.284530639648438
,1622511360.0,26.285858154296875
,1622511390.0,26.287185668945312
,1622511420.0,26.288511276245117
,1622511450.0,26.28983497619629
,1622511480.0,26.291156768798828
,1622511510.0,26.292476654052734
,1622511540.0,26.29379653930664
,1622511570.0,26.295114517211914
,1622511600.0,26.296430587768555
,1622511630.0,26.297744750976562
,1622511660.0,26.299057006835938
,1622511690.0,26.30036735534668
,1622511720.0,26.301677703857422
,1622511750.0,26.30298614501953
,1622511780.0,26.304292678833008
,1622511810.0,26.30559730529785
,1622511840.0,26.306900024414062
,1622511870.0,26.308202743530273
,1622511900.0,26.30950355529785
,1622511930.0,26.310802459716797
,1622511960.0,26.31209945678711
,1622511990.0,26.31339454650879
,1622512020.0,26.31468963623047
,1622512050.0,26.315982818603516
,1622512080.0,26.31727409362793
,1622512110.0,26.31856346130371
,1622512140.0,26.319852828979492
,1622512170.0,26.32114028930664
,1622512200.0,26.322425842285156
,1622512230.0,26.32370948791504
,1622512260.0,26.32499122619629
,1622512290.0,26.32627296447754
,1622512320.0,26.327552795410156
,1622512350.0,26.32883071899414
,1622512380.0,26.330106735229492
,1622512410.0,26.33138084411621
,1622512440.0,26.33265495300293
,1622512470.0,26.333927154541016
,1622512500.0,26.33519744873047
,1622512530.0,26.33646583557129
,1622512560.0,26.33773422241211
,1622512590.0,26.339000701904297
,1622512620.0,26.34026527404785
,1622512650.0,26.341527938842773
,1622512680.0,26.342788696289062
,1622512710.0,26.34404945373535
,1622512740.0,26.345308303833008
,1622512770.0,26.34656524658203
,1622512800.0,26.347820281982422
,1622512830.0,26.349075317382812
,1622512860.0,26.35032844543457
,1622512890.0,26.351579666137695
,1622512920.0,26.352828979492188
,1622512950.0,26.354076385498047
,1622512980.0,26.355323791503906
,1622513010.0,26.356569290161133
,1622513040.0,26.357812881469727
,1622513070.0,26.359054565429688
,1622513100.0,26.36029624938965
,1622513130.0,26.361536026000977
,1622513160.0,26.362773895263672
,1622513190.0,26.364009857177734
,1622513220.0,26.365245819091797
,1622513250.0,26.366479873657227
,1622513280.0,26.367712020874023
,1622513310.0,26.368942260742188
,1622513340.0,26.37017250061035
,1622513370.0,26.371400833129883
,1622513400.0,26.37262725830078
,1622513430.0,26.373851776123047
,1622513460.0,26.375076293945312
,1622513490.0,26.376298904418945
,1622513520.0,26.377519607543945
,1622513550.0,26.378738403320312
,1622513580.0,26.37995719909668
,1622513610.0,26.381174087524414
,1622513640.0,26.382389068603516
,1622513670.0,26.383602142333984
,1622513700.0,26.384815216064453
,1622513730.0,26.38602638244629
,1622513760.0,26.387235641479492
,1622513790.0,26.388442993164062
,1622513820.0,26.389650344848633
,1622513850.0,26.39085578918457
,1622513880.0,26.392059326171875
,1622513910.0,26.393260955810547
,1622513940.0,26.39446258544922
,1622513970.0,26.395662307739258
,1622514000.0,26.396860122680664
,1622514030.0,26.398056030273438
,1622514060.0,26.39925193786621
,1622514090.0,26.40044593811035
,1622514120.0,26.40163803100586
,1622514150.0,26.402828216552734
,1622514180.0,26.40401840209961
,1622514210.0,26.40520668029785
,1622514240.0,26.40639305114746
,1622514270.0,26.40757942199707
,1622514300.0,26.408763885498047
,1622514330.0,26.40994644165039
,1622514360.0,26.4111270904541
,1622514390.0,26.412307739257812
,1622514420.0,26.41348648071289
,1622514450.0,26.414663314819336
,1622514480.0,26.41583824157715
,1622514510.0,26.41701316833496
,1622514540.0,26.41818618774414
,1622514570.0,26.419357299804688
,1622514600.0,26.420528411865234
,1622514630.0,26.42169761657715
,1622514660.0,26.42286491394043
,1622514690.0,26.424030303955078
,1622514720.0,26.425195693969727
,1622514750.0,26.426359176635742
,1622514780.0,26.427520751953125
,1622514810.0,26.428682327270508
,1622514840.0,26.429841995239258
,1622514870.0,26.430999755859375
,1622514900.0,26.43215560913086
,1622514930.0,26.433311462402344
,1622514960.0,26.434465408325195
,1622514990.0,26.435617446899414
,1622515020.0,26.436769485473633
,1622515050.0,26.43791961669922
,1622515080.0,26.439067840576172
,1622515110.0,26.440214157104492
,1622515140.0,26.441360473632812
,1622515170.0,26.4425048828125
,1622515200.0,26.443647384643555
,1622515230.0,26.44478988647461
,1622515260.0,26.44593048095703
,1622515290.0,26.44706916809082
,1622515320.0,26.44820785522461
,1622515350.0,26.449344635009766
,1622515380.0,26.45047950744629
,1622515410.0,26.45161247253418
,1622515440.0,26.45274543762207
,1622515470.0,26.453876495361328
,1622515500.0,26.455005645751953
,1622515530.0,26.456134796142578
,1622515560.0,26.45726203918457
,1622515590.0,26.45838737487793
,1622515620.0,26.45951271057129
,1622515650.0,26.460636138916016
,1622515680.0,26.46175765991211
,1622515710.0,26.462879180908203
,1622515740.0,26.463998794555664
,1622515770.0,26.465116500854492
,1622515800.0,26.466232299804688
,1622515830.0,26.467348098754883
,1622515860.0,26.468461990356445
,1622515890.0,26.469573974609375
,1622515920.0,26.470685958862305
,1622515950.0,26.4717960357666
,1622515980.0,26.472904205322266
,1622516010.0,26.47401237487793
,1622516040.0,26.47511863708496
,1622516070.0,26.47622299194336
,1622516100.0,26.477327346801758
,1622516130.0,26.478429794311523
,1622516160.0,26.479530334472656
,1622516190.0,26.48063087463379
,1622516220.0,26.48172950744629
,1622516250.0,26.482826232910156
,1622516280.0,26.483922958374023
,1622516310.0,26.485017776489258
,1622516340.0,26.48611068725586
,1622516370.0,26.48720359802246
,1622516400.0,26.48829460144043
,1622516430.0,26.489383697509766
,1622516460.0,26.4904727935791
,1622516490.0,26.491559982299805
,1622516520.0,26.492645263671875
,1622516550.0,26.493730545043945
,1622516580.0,26.494813919067383
,1622516610.0,26.495895385742188
,1622516640.0,26.496976852416992
,1622516670.0,26.498056411743164
,1622516700.0,26.499134063720703
,1622516730.0,26.500211715698242
,1622516760.0,26.50128746032715
,1622516790.0,26.502361297607422
,1622516820.0,26.503435134887695
,1622516850.0,26.504507064819336
,1622516880.0,26.505577087402344
,1622516910.0,26.50664710998535
,1622516940.0,26.507715225219727
,1622516970.0,26.50878143310547
,1622517000.0,26.50984764099121
,1622517030.0,26.51091194152832
,1622517060.0,26.511974334716797
,1622517090.0,26.513036727905273
,1622517120.0,26.514097213745117
,1622517150.0,26.515155792236328
,1622517180.0,26.51621437072754
,1622517210.0,26.517271041870117
,1622517240.0,26.518325805664062
,1622517270.0,26.519380569458008
,1622517300.0,26.52043342590332
,1622517330.0,26.521486282348633
,1622517360.0,26.522537231445312
,1622517390.0,26.52358627319336
,1622517420.0,26.524635314941406
,1622517450.0,26.52568244934082
,1622517480.0,26.5267276763916
,1622517510.0,26.527772903442383
,1622517540.0,26.52881622314453
,1622517570.0,26.529857635498047
,1622517600.0,26.530899047851562
,1622517630.0,26.531938552856445
,1622517660.0,26.532976150512695
,1622517690.0,26.534013748168945
,1622517720.0,26.535049438476562
,1622517750.0,26.53608512878418
,1622517780.0,26.537118911743164
,1622517810.0,26.538150787353516
,1622517840.0,26.539182662963867
,1622517870.0,26.540212631225586
,1622517900.0,26.541240692138672
,1622517930.0,26.542268753051758
,1622517960.0,26.54329490661621
,1622517990.0,26.544321060180664
,1622518020.0,26.545345306396484
,1622518050.0,26.546367645263672
,1622518080.0,26.54738998413086
,1622518110.0,26.548410415649414
,1622518140.0,26.549428939819336
,1622518170.0,26.550447463989258
,1622518200.0,26.551464080810547
,1622518230.0,26.552480697631836
,1622518260.0,26.553495407104492
,1622518290.0,26.554508209228516
,1622518320.0,26.55552101135254
,1622518350.0,26.55653190612793
,1622518380.0,26.557540893554688
,1622518410.0,26.558549880981445
,1622518440.0,26.55955696105957
,1622518470.0,26.560564041137695
,1622518500.0,26.561569213867188
,1622518530.0,26.562572479248047
,1622518560.0,26.563575744628906
,1622518590.0,26.564577102661133
,1622518620.0,26.565576553344727
,1622518650.0,26.56657600402832
,1622518680.0,26.56757354736328
,1622518710.0,26.568571090698242
,1622518740.0,26.56956672668457
,1622518770.0,26.570560455322266
,1622518800.0,26.57155418395996
,1622518830.0,26.572546005249023
,1622518860.0,26.573537826538086
,1622518890.0,26.574527740478516
,1622518920.0,26.575515747070312
,1622518950.0,26.57650375366211
,1622518980.0,26.577489852905273
,1622519010.0,26.578475952148438
,1622519040.0,26.57946014404297
,1622519070.0,26.580442428588867
,1622519100.0,26.581424713134766
,1622519130.0,26.58240509033203
,1622519160.0,26.583385467529297
,1622519190.0,26.58436393737793
,1622519220.0,26.58534049987793
,1622519250.0,26.58631706237793
,1622519280.0,26.587291717529297
,1622519310.0,26.588266372680664
,1622519340.0,26.5892391204834
,1622519370.0,26.5902099609375
,1622519400.0,26.5911808013916
,1622519430.0,26.59214973449707
,1622519460.0,26.59311866760254
,1622519490.0,26.594085693359375
,1622519520.0,26.595050811767578
,1622519550.0,26.59601593017578
,1622519580.0,26.59697914123535
,1622519610.0,26.597942352294922
,1622519640.0,26.59890365600586
,1622519670.0,26.599863052368164
,1622519700.0,26.60082244873047
,1622519730.0,26.60177993774414
,1622519760.0,26.602737426757812
,1622519790.0,26.60369300842285
,1622519820.0,26.60464859008789
,1622519850.0,26.605602264404297
,1622519880.0,26.60655403137207
,1622519910.0,26.607505798339844
,1622519940.0,26.608455657958984
,1622519970.0,26.609405517578125
,1622520000.0,26.610353469848633
,1622520030.0,26.611299514770508
,1622520060.0,26.612245559692383
,1622520090.0,26.613189697265625
,1622520120.0,26.614133834838867
,1622520150.0,26.615076065063477
,1622520180.0,26.616018295288086
,1622520210.0,26.616958618164062
,1622520240.0,26.617897033691406
,1622520270.0,26.61883544921875
,1622520300.0,26.61977195739746
,1622520330.0,26.620708465576172
,1622520360.0,26.62164306640625
,1622520390.0,26.622577667236328
,1622520420.0,26.623510360717773
,1622520450.0,26.624441146850586
,1622520480.0,26.6253719329834
,1622520510.0,26.626300811767578
,1622520540.0,26.627229690551758
,1622520570.0,26.628156661987305
,1622520600.0,26.62908363342285
,1622520630.0,26.630008697509766
,1622520660.0,26.630931854248047
,1622520690.0,26.631855010986328
,1622520720.0,26.632776260375977
,1622520750.0,26.633697509765625
,1622520780.0,26.63461685180664
,1622520810.0,26.635536193847656
,1622520840.0,26.63645362854004
,1622520870.0,26.63736915588379
,1622520900.0,26.63828468322754
,1622520930.0,26.639198303222656
,1622520960.0,26.640111923217773
,1622520990.0,26.641023635864258
,1622521020.0,26.641935348510742
,1622521050.0,26.642845153808594
,1622521080.0,26.643754959106445
,1622521110.0,26.644662857055664
,1622521140.0,26.64556884765625
,1622521170.0,26.646474838256836
,1622521200.0,26.64737892150879
,1622521230.0,26.648283004760742
,1622521260.0,26.649185180664062
,1622521290.0,26.650087356567383
,1622521320.0,26.65098762512207
,1622521350.0,26.651887893676758
,1622521380.0,26.652786254882812
,1622521410.0,26.653682708740234
,1622521440.0,26.654579162597656
,1622521470.0,26.655473709106445
,1622521500.0,26.656368255615234
,1622521530.0,26.65726089477539
,1622521560.0,26.658153533935547
,1622521590.0,26.65904426574707
,1622521620.0,26.659934997558594
,1622521650.0,26.660823822021484
,1622521680.0,26.661712646484375
,1622521710.0,26.662599563598633
,1622521740.0,26.663484573364258
,1622521770.0,26.664369583129883
,1622521800.0,26.665252685546875
,1622521830.0,26.666135787963867
,1622521860.0,26.667016983032227
,1622521890.0,26.667898178100586
,1622521920.0,26.668777465820312
,1622521950.0,26.66965675354004
,1622521980.0,26.670534133911133
,1622522010.0,26.671411514282227
,1622522040.0,26.672286987304688
,1622522070.0,26.673160552978516
,1622522100.0,26.674034118652344
,1622522130.0,26.67490577697754
,1622522160.0,26.675777435302734
,1622522190.0,26.676647186279297
,1622522220.0,26.67751693725586
,1622522250.0,26.67838478088379
,1622522280.0,26.67925262451172
,1622522310.0,26.680118560791016
,1622522340.0,26.680984497070312
,1622522370.0,26.681848526000977
,1622522400.0,26.68271255493164
,1622522430.0,26.683574676513672
,1622522460.0,26.684436798095703
,1622522490.0,26.6852970123291
,1622522520.0,26.6861572265625
,1622522550.0,26.687015533447266
,1622522580.0,26.6878719329834
,1622522610.0,26.68872833251953
,1622522640.0,26.68958282470703
,1622522670.0,26.69043731689453
,1622522700.0,26.6912899017334
,1622522730.0,26.692142486572266
,1622522760.0,26.6929931640625
,1622522790.0,26.693843841552734
,1622522820.0,26.694692611694336
,1622522850.0,26.695541381835938
,1622522880.0,26.696388244628906
,1622522910.0,26.697235107421875
,1622522940.0,26.69808006286621
,1622522970.0,26.698925018310547
,1622523000.0,26.69976806640625
,1622523030.0,26.700611114501953
,1622523060.0,26.701452255249023
,1622523090.0,26.702293395996094
,1622523120.0,26.70313262939453
,1622523150.0,26.70397186279297
,1622523180.0,26.704809188842773
,1622523210.0,26.705646514892578
,1622523240.0,26.70648193359375
,1622523270.0,26.707317352294922
,1622523300.0,26.70815086364746
,1622523330.0,26.708984375
,1622523360.0,26.709815979003906
,1622523390.0,26.71064567565918
,1622523420.0,26.711475372314453
,1622523450.0,26.712303161621094
,1622523480.0,26.713130950927734
,1622523510.0,26.713956832885742
,1622523540.0,26.71478271484375
,1622523570.0,26.715606689453125
,1622523600.0,26.7164306640625
,1622523630.0,26.717252731323242
,1622523660.0,26.718074798583984
,1622523690.0,26.718894958496094
,1622523720.0,26.719715118408203
,1622523750.0,26.72053337097168
,1622523780.0,26.721351623535156
,1622523810.0,26.72216796875
,1622523840.0,26.722984313964844
,1622523870.0,26.723798751831055
,1622523900.0,26.724613189697266
,1622523930.0,26.725425720214844
,1622523960.0,26.726238250732422
,1622523990.0,26.727048873901367
,1622524020.0,26.727859497070312
,1622524050.0,26.728668212890625
,1622524080.0,26.729476928710938
,1622524110.0,26.730283737182617
,1622524140.0,26.731090545654297
,1622524170.0,26.731895446777344
,1622524200.0,26.73270034790039
,1622524230.0,26.733503341674805
,1622524260.0,26.73430633544922
,1622524290.0,26.735107421875
,1622524320.0,26.73590850830078
,1622524350.0,26.736709594726562
,1622524380.0,26.73750877380371
,1622524410.0,26.73830795288086
,1622524440.0,26.739105224609375
,1622524470.0,26.73990249633789
,1622524500.0,26.740697860717773
,1622524530.0,26.741493225097656
,1622524560.0,26.742286682128906
,1622524590.0,26.743080139160156
,1622524620.0,26.743871688842773
,1622524650.0,26.74466323852539
,1622524680.0,26.745452880859375
,1622524710.0,26.74624252319336
,1622524740.0,26.74703025817871
,1622524770.0,26.747817993164062
,1622524800.0,26.74860382080078
,1622524830.0,26.7493896484375
,1622524860.0,26.750173568725586
,1622524890.0,26.750957489013672
,1622524920.0,26.751739501953125
,1622524950.0,26.752521514892578
,1622524980.0,26.7533016204834
,1622525010.0,26.75408172607422
,1622525040.0,26.754859924316406
,1622525070.0,26.755638122558594
,1622525100.0,26.75641441345215
,1622525130.0,26.757190704345703
,1622525160.0,26.757965087890625
,1622525190.0,26.758739471435547
,1622525220.0,26.75951385498047
,1622525250.0,26.760286331176758
,1622525280.0,26.761058807373047
,1622525310.0,26.761829376220703
,1622525340.0,26.76259994506836
,1622525370.0,26.763368606567383
,1622525400.0,26.764137268066406
,1622525430.0,26.764904022216797
,1622525460.0,26.765670776367188
,1622525490.0,26.766435623168945
,1622525520.0,26.767200469970703
,1622525550.0,26.767963409423828
,1622525580.0,26.768726348876953
,1622525610.0,26.769487380981445
,1622525640.0,26.770248413085938
,1622525670.0,26.771007537841797
,1622525700.0,26.771766662597656
,1622525730.0,26.772525787353516
,1622525760.0,26.773283004760742
,1622525790.0,26.77404022216797
,1622525820.0,26.774795532226562
,1622525850.0,26.775550842285156
,1622525880.0,26.776304244995117
,1622525910.0,26.777057647705078
,1622525940.0,26.777809143066406
,1622525970.0,26.778560638427734
,1622526000.0,26.77931022644043
,1622526030.0,26.780059814453125
,1622526060.0,26.780807495117188
,1622526090.0,26.78155517578125
,1622526120.0,26.782302856445312
,1622526150.0,26.783048629760742
,1622526180.0,26.783794403076172
,1622526210.0,26.78453826904297
,1622526240.0,26.785282135009766
,1622526270.0,26.78602409362793
,1622526300.0,26.786766052246094
,1622526330.0,26.787506103515625
,1622526360.0,26.788246154785156
,1622526390.0,26.788984298706055
,1622526420.0,26.789722442626953
,1622526450.0,26.79046058654785
,1622526480.0,26.791196823120117
,1622526510.0,26.791933059692383
,1622526540.0,26.792667388916016
,1622526570.0,26.79340171813965
,1622526600.0,26.79413414001465
,1622526630.0,26.79486656188965
,1622526660.0,26.795597076416016
,1622526690.0,26.796327590942383
,1622526720.0,26.79705810546875
,1622526750.0,26.797786712646484
,1622526780.0,26.79851531982422
,1622526810.0,26.79924201965332
,1622526840.0,26.799968719482422
,1622526870.0,26.80069351196289
,1622526900.0,26.80141830444336
,1622526930.0,26.802141189575195
,1622526960.0,26.80286407470703
,1622526990.0,26.803586959838867
,1622527020.0,26.80430793762207
,1622527050.0,26.805028915405273
,1622527080.0,26.805747985839844
,1622527110.0,26.806467056274414
,1622527140.0,26.80718421936035
,1622527170.0,26.80790138244629
,1622527200.0,26.808616638183594
,1622527230.0,26.8093318939209
,1622527260.0,26.810047149658203
,1622527290.0,26.810760498046875
,1622527320.0,26.811473846435547
,1622527350.0,26.812185287475586
,1622527380.0,26.812896728515625
,1622527410.0,26.81360626220703
,1622527440.0,26.814315795898438
,1622527470.0,26.815025329589844
,1622527500.0,26.815732955932617
,1622527530.0,26.81644058227539
,1622527560.0,26.81714630126953
,1622527590.0,26.817852020263672
,1622527620.0,26.81855583190918
,1622527650.0,26.819259643554688
,1622527680.0,26.819961547851562
,1622527710.0,26.820663452148438
,1622527740.0,26.821365356445312
,1622527770.0,26.822065353393555
,1622527800.0,26.822765350341797
,1622527830.0,26.823463439941406
,1622527860.0,26.824161529541016
,1622527890.0,26.824857711791992
,1622527920.0,26.82555389404297
,1622527950.0,26.826250076293945
,1622527980.0,26.82694435119629
,1622528010.0,26.827638626098633
,1622528040.0,26.828330993652344
,1622528070.0,26.829023361206055
,1622528100.0,26.829715728759766
,1622528130.0,26.830406188964844
,1622528160.0,26.831096649169922
,1622528190.0,26.831785202026367
,1622528220.0,26.832473754882812
,1622528250.0,26.833160400390625
,1622528280.0,26.833847045898438
,1622528310.0,26.83453369140625
,1622528340.0,26.83521842956543
,1622528370.0,26.83590316772461
,1622528400.0,26.836585998535156
,1622528430.0,26.837268829345703
,1622528460.0,26.837949752807617
,1622528490.0,26.83863067626953
,1622528520.0,26.839311599731445
,1622528550.0,26.839990615844727
,1622528580.0,26.840669631958008
,1622528610.0,26.841346740722656
,1622528640.0,26.842023849487305
,1622528670.0,26.842700958251953
,1622528700.0,26.84337615966797
,1622528730.0,26.844051361083984
,1622528760.0,26.844724655151367
,1622528790.0,26.84539794921875
,1622528820.0,26.8460693359375
,1622528850.0,26.84674072265625
,1622528880.0,26.847412109375
,1622528910.0,26.848081588745117
,1622528940.0,26.848751068115234
,1622528970.0,26.84941864013672
,1622529000.0,26.850086212158203
,1622529030.0,26.850753784179688
,1622529060.0,26.85141944885254
,1622529090.0,26.85208511352539
,1622529120.0,26.85274887084961
,1622529150.0,26.853412628173828
,1622529180.0,26.854076385498047
,1622529210.0,26.854738235473633
,1622529240.0,26.85540008544922
,1622529270.0,26.856060028076172
,1622529300.0,26.856719970703125
,1622529330.0,26.857379913330078
,1622529360.0,26.8580379486084
,1622529390.0,26.85869598388672
,1622529420.0,26.859352111816406
,1622529450.0,26.860008239746094
,1622529480.0,26.86066436767578
,1622529510.0,26.861318588256836
,1622529540.0,26.86197280883789
,1622529570.0,26.862625122070312
,1622529600.0,26.863277435302734
,1622529630.0,26.863929748535156
,1622529660.0,26.864580154418945
,1622529690.0,26.865230560302734
,1622529720.0,26.86587905883789
,1622529750.0,26.866527557373047
,1622529780.0,26.867176055908203
,1622529810.0,26.867822647094727
,1622529840.0,26.86846923828125
,1622529870.0,26.86911392211914
,1622529900.0,26.86975860595703
,1622529930.0,26.870403289794922
,1622529960.0,26.87104606628418
,1622529990.0,26.871688842773438
,1622530020.0,26.872329711914062
,1622530050.0,26.872970581054688
,1622530080.0,26.873611450195312
,1622530110.0,26.874250411987305
,1622530140.0,26.874889373779297
,1622530170.0,26.875526428222656
,1622530200.0,26.876163482666016
,1622530230.0,26.876800537109375
,1622530260.0,26.8774356842041
,1622530290.0,26.878070831298828
,1622530320.0,26.878705978393555
,1622530350.0,26.87933921813965
,1622530380.0,26.879972457885742
,1622530410.0,26.880603790283203
,1622530440.0,26.881235122680664
,1622530470.0,26.881866455078125
,1622530500.0,26.882495880126953
,1622530530.0,26.88312530517578
,1622530560.0,26.883752822875977
,1622530590.0,26.884380340576172
,1622530620.0,26.885007858276367
,1622530650.0,26.88563346862793
,1622530680.0,26.886259078979492
,1622530710.0,26.886884689331055
,1622530740.0,26.887508392333984
,1622530770.0,26.888132095336914
,1622530800.0,26.88875389099121
,1622530830.0,26.889375686645508
,1622530860.0,26.889997482299805
,1622530890.0,26.89061737060547
,1622530920.0,26.891237258911133
,1622530950.0,26.891857147216797
,1622530980.0,26.892475128173828
,1622531010.0,26.89309310913086
,1622531040.0,26.893709182739258
,1622531070.0,26.894325256347656
,1622531100.0,26.894941329956055
,1622531130.0,26.89555549621582
,1622531160.0,26.896169662475586
,1622531190.0,26.89678382873535
,1622531220.0,26.897396087646484
,1622531250.0,26.898008346557617
,1622531280.0,26.898618698120117
,1622531310.0,26.899229049682617
,1622531340.0,26.899839401245117
,1622531370.0,26.900447845458984
,1622531400.0,26.90105628967285
,1622531430.0,26.90166473388672
,1622531460.0,26.902271270751953
,1622531490.0,26.902877807617188
,1622531520.0,26.90348243713379
,1622531550.0,26.90408706665039
,1622531580.0,26.904691696166992
,1622531610.0,26.90529441833496
,1622531640.0,26.90589714050293
,1622531670.0,26.9064998626709
,1622531700.0,26.907100677490234
,1622531730.0,26.90770149230957
,1622531760.0,26.908300399780273
,1622531790.0,26.908899307250977
,1622531820.0,26.90949821472168
,1622531850.0,26.91009521484375
,1622531880.0,26.91069221496582
,1622531910.0,26.91128921508789
,1622531940.0,26.911884307861328
,1622531970.0,26.912479400634766
,1622532000.0,26.913074493408203
,1622532030.0,26.913667678833008
,1622532060.0,26.914260864257812
,1622532090.0,26.914852142333984
,1622532120.0,26.915443420410156
,1622532150.0,26.916034698486328
,1622532180.0,26.916624069213867
,1622532210.0,26.917213439941406
,1622532240.0,26.917802810668945
,1622532270.0,26.91839027404785
,1622532300.0,26.918977737426758
,1622532330.0,26.919565200805664
,1622532360.0,26.920150756835938
,1622532390.0,26.92073631286621
,1622532420.0,26.921321868896484
,1622532450.0,26.921905517578125
,1622532480.0,26.922489166259766
,1622532510.0,26.923070907592773
,1622532540.0,26.92365264892578
,1622532570.0,26.92423439025879
,1622532600.0,26.924814224243164
,1622532630.0,26.92539405822754
,1622532660.0,26.925973892211914
,1622532690.0,26.926551818847656
,1622532720.0,26.9271297454834
,1622532750.0,26.92770767211914
,1622532780.0,26.92828369140625
,1622532810.0,26.92885971069336
,1622532840.0,26.92943572998047
,1622532870.0,26.930009841918945
,1622532900.0,26.930583953857422
,1622532930.0,26.9311580657959
,1622532960.0,26.931730270385742
,1622532990.0,26.932302474975586
,1622533020.0,26.93287467956543
,1622533050.0,26.93344497680664
,1622533080.0,26.93401527404785
,1622533110.0,26.93458366394043
,1622533140.0,26.935152053833008
,1622533170.0,26.935720443725586
,1622533200.0,26.93628692626953
,1622533230.0,26.936853408813477
,1622533260.0,26.937419891357422
,1622533290.0,26.937984466552734
,1622533320.0,26.938549041748047
,1622533350.0,26.93911361694336
,1622533380.0,26.93967628479004
,1622533410.0,26.94023895263672
,1622533440.0,26.9408016204834
,1622533470.0,26.941362380981445
,1622533500.0,26.941923141479492
,1622533530.0,26.94248390197754
,1622533560.0,26.943042755126953
,1622533590.0,26.943601608276367
,1622533620.0,26.94416046142578
,1622533650.0,26.944717407226562
,1622533680.0,26.945274353027344
,1622533710.0,26.945831298828125
,1622533740.0,26.946386337280273
,1622533770.0,26.946941375732422
,1622533800.0,26.94749641418457
,1622533830.0,26.948049545288086
,1622533860.0,26.9486026763916
,1622533890.0,26.949155807495117
,1622533920.0,26.94970703125
,1622533950.0,26.950258255004883
,1622533980.0,26.950809478759766
,1622534010.0,26.951358795166016
,1622534040.0,26.951908111572266
,1622534070.0,26.952457427978516
,1622534100.0,26.953004837036133
,1622534130.0,26.95355224609375
,1622534160.0,26.954099655151367
,1622534190.0,26.95464515686035
,1622534220.0,26.955190658569336
,1622534250.0,26.95573616027832
,1622534280.0,26.956279754638672
,1622534310.0,26.956823348999023
,1622534340.0,26.957366943359375
,1622534370.0,26.957908630371094
,1622534400.0,26.958450317382812
,1622534430.0,26.95899200439453
,1622534460.0,26.959531784057617
,1622534490.0,26.960071563720703
,1622534520.0,26.96061134338379
,1622534550.0,26.961149215698242
,1622534580.0,26.961687088012695
,1622534610.0,26.96222496032715
,1622534640.0,26.96276092529297
,1622534670.0,26.96329689025879
,1622534700.0,26.96383285522461
,1622534730.0,26.964366912841797
,1622534760.0,26.964900970458984
,1622534790.0,26.965435028076172
,1622534820.0,26.965967178344727
,1622534850.0,26.96649932861328
,1622534880.0,26.967031478881836
,1622534910.0,26.967561721801758
,1622534940.0,26.96809196472168
,1622534970.0,26.9686222076416
,1622535000.0,26.96915054321289
,1622535030.0,26.96967887878418
,1622535060.0,26.97020721435547
,1622535090.0,26.970733642578125
,1622535120.0,26.97126007080078
,1622535150.0,26.971786499023438
,1622535180.0,26.97231101989746
,1622535210.0,26.972835540771484
,1622535240.0,26.973360061645508
,1622535270.0,26.722745895385742
,1622535300.0,26.72356414794922
,1622535330.0,26.724380493164062
,1622535360.0,26.725196838378906
,1622535390.0,26.726011276245117
,1622535420.0,26.726825714111328
,1622535450.0,26.727638244628906
,1622535480.0,26.728450775146484
,1622535510.0,26.72926139831543
,1622535540.0,26.730072021484375
,1622535570.0,26.730880737304688
,1622535600.0,26.731689453125
,1622535630.0,26.73249626159668
,1622535660.0,26.73330307006836
,1622535690.0,26.734107971191406
,1622535720.0,26.734912872314453
,1622535750.0,26.735715866088867
,1622535780.0,26.73651885986328
,1622535810.0,26.737319946289062
,1622535840.0,26.738121032714844
,1622535870.0,26.738920211791992
,1622535900.0,26.73971939086914
,1622535930.0,26.740516662597656
,1622535960.0,26.741313934326172
,1622535990.0,26.742109298706055
,1622536020.0,26.742904663085938
,1622536050.0,26.743698120117188
,1622536080.0,26.744491577148438
,1622536110.0,26.745283126831055
,1622536140.0,26.746074676513672
,1622536170.0,26.4957275390625
,1622536200.0,26.496810913085938
,1622536230.0,26.497894287109375
,1622536260.0,26.49897575378418
,1622536290.0,26.50005531311035
,1622536320.0,26.501134872436523
,1622536350.0,26.502212524414062
,1622536380.0,26.50328826904297
,1622536410.0,26.504364013671875
,1622536440.0,26.50543785095215
,1622536470.0,26.506511688232422
,1622536500.0,26.507583618164062
,1622536530.0,26.50865364074707
,1622536560.0,26.509723663330078
,1622536590.0,26.510791778564453
,1622536620.0,26.511857986450195
,1622536650.0,26.512924194335938
,1622536680.0,26.513988494873047
,1622536710.0,26.515050888061523
,1622536740.0,26.51611328125
,1622536770.0,26.517173767089844
,1622536800.0,26.518232345581055
,1622536830.0,26.519290924072266
,1622536860.0,26.520347595214844
,1622536890.0,26.52140235900879
,1622536920.0,26.522457122802734
,1622536950.0,26.523509979248047
,1622536980.0,26.524560928344727
,1622537010.0,26.525611877441406
,1622537040.0,26.526660919189453
,1622537070.0,26.27657127380371
,1622537100.0,26.277912139892578
,1622537130.0,26.279253005981445
,1622537160.0,26.28059196472168
,1622537190.0,26.28192901611328
,1622537220.0,26.28326416015625
,1622537250.0,26.284597396850586
,1622537280.0,26.28592872619629
,1622537310.0,26.287260055541992
,1622537340.0,26.288589477539062
,1622537370.0,26.2899169921875
,1622537400.0,26.291242599487305
,1622537430.0,26.292566299438477
,1622537460.0,26.29388999938965
,1622537490.0,26.295211791992188
,1622537520.0,26.296531677246094
,1622537550.0,26.297849655151367
,1622537580.0,26.299165725708008
,1622537610.0,26.300479888916016
,1622537640.0,26.301794052124023
,1622537670.0,26.3031063079834
,1622537700.0,26.30441665649414
,1622537730.0,26.30572509765625
,1622537760.0,26.307031631469727
,1622537790.0,26.308338165283203
,1622537820.0,26.309642791748047
,1622537850.0,26.310945510864258
,1622537880.0,26.312246322631836
,1622537910.0,26.31354522705078
,1622537940.0,26.314844131469727
,1622537970.0,26.065004348754883
,1622538000.0,26.06659507751465
,1622538030.0,26.06818389892578
,1622538060.0,26.06977081298828
,1622538090.0,26.07135581970215
,1622538120.0,26.072938919067383
,1622538150.0,26.074520111083984
,1622538180.0,26.076099395751953
,1622538210.0,26.07767677307129
,1622538240.0,26.079252243041992
,1622538270.0,26.080825805664062
,1622538300.0,26.0823974609375
,1622538330.0,26.083967208862305
,1622538360.0,26.085535049438477
,1622538390.0,26.087100982666016
,1622538420.0,26.088665008544922
,1622538450.0,26.090227127075195
,1622538480.0,26.091787338256836
,1622538510.0,26.093345642089844
,1622538540.0,26.09490203857422
,1622538570.0,26.09645652770996
,1622538600.0,26.09800910949707
,1622538630.0,26.099559783935547
,1622538660.0,26.10110855102539
,1622538690.0,26.1026554107666
,1622538720.0,26.10420036315918
,1622538750.0,26.105743408203125
,1622538780.0,26.107284545898438
,1622538810.0,26.10882568359375
,1622538840.0,26.11036491394043
,1622538870.0,25.86076545715332
,1622538900.0,25.862594604492188
,1622538930.0,25.864421844482422
,1622538960.0,25.866247177124023
,1622538990.0,25.868070602416992
,1622539020.0,25.869892120361328
,1622539050.0,25.87171173095703
,1622539080.0,25.87352752685547
,1622539110.0,25.875341415405273
,1622539140.0,25.877153396606445
,1622539170.0,25.878963470458984
,1622539200.0,25.88077163696289
,1622539230.0,25.882577896118164
,1622539260.0,25.884382247924805
,1622539290.0,25.886184692382812
,1622539320.0,25.887985229492188
,1622539350.0,25.889781951904297
,1622539380.0,25.891576766967773
,1622539410.0,25.893369674682617
,1622539440.0,25.895160675048828
,1622539470.0,25.896949768066406
,1622539500.0,25.89873695373535
,1622539530.0,25.900522232055664
,1622539560.0,25.902305603027344
,1622539590.0,25.90408706665039
,1622539620.0,25.905866622924805
,1622539650.0,25.907642364501953
,1622539680.0,25.90941619873047
,1622539710.0,25.91118812561035
,1622539740.0,25.9129581451416
,1622539770.0,25.663589477539062
,1622539800.0,25.6656494140625
,1622539830.0,25.667707443237305
,1622539860.0,25.669763565063477
,1622539890.0,25.671817779541016
,1622539920.0,25.67386817932129
,1622539950.0,25.67591667175293
,1622539980.0,25.677963256835938
,1622540010.0,25.680007934570312
,1622540040.0,25.682048797607422
,1622540070.0,25.6840877532959
,1622540100.0,25.686124801635742
,1622540130.0,25.688159942626953
,1622540160.0,25.6901912689209
,1622540190.0,25.69222068786621
,1622540220.0,25.69424819946289
,1622540250.0,25.696273803710938
,1622540280.0,25.69829559326172
,1622540310.0,25.700315475463867
,1622540340.0,25.702333450317383
,1622540370.0,25.704349517822266
,1622540400.0,25.706361770629883
,1622540430.0,25.708372116088867
,1622540460.0,25.71038055419922
,1622540490.0,25.712387084960938
,1622540520.0,25.71438980102539
,1622540550.0,25.71639060974121
,1622540580.0,25.7183895111084
,1622540610.0,25.720386505126953
,1622540640.0,25.722379684448242
,1622540670.0,25.473234176635742
,1622540700.0,25.47551918029785
,1622540730.0,25.477800369262695
,1622540760.0,25.480079650878906
,1622540790.0,25.48235511779785
,1622540820.0,25.484628677368164
,1622540850.0,25.486900329589844
,1622540880.0,25.489168167114258
,1622540910.0,25.49143409729004
,1622540940.0,25.493696212768555
,1622540970.0,25.495956420898438
,1622541000.0,25.498214721679688
,1622541030.0,25.500469207763672
,1622541060.0,25.502721786499023
,1622541090.0,25.50497055053711
,1622541120.0,25.507217407226562
,1622541150.0,25.509462356567383
,1622541180.0,25.511703491210938
,1622541210.0,25.51394271850586
,1622541240.0,25.516178131103516
,1622541270.0,25.51841163635254
,1622541300.0,25.52064323425293
,1622541330.0,25.522871017456055
,1622541360.0,25.525096893310547
,1622541390.0,25.527320861816406
,1622541420.0,25.529541015625
,1622541450.0,25.53175926208496
,1622541480.0,25.533973693847656
,1622541510.0,25.53618621826172
,1622541540.0,25.53839683532715
,1622541570.0,25.289466857910156
,1622541600.0,25.291967391967773
,1622541630.0,25.294464111328125
,1622541660.0,25.29695701599121
,1622541690.0,25.299448013305664
,1622541720.0,25.30193519592285
,1622541750.0,25.304420471191406
,1622541780.0,25.306901931762695
,1622541810.0,25.30938148498535
,1622541840.0,25.311857223510742
,1622541870.0,25.3143310546875
,1622541900.0,25.316801071166992
,1622541930.0,25.31926918029785
,1622541960.0,25.321733474731445
,1622541990.0,25.324195861816406
,1622542020.0,25.3266544342041
,1622542050.0,25.329111099243164
,1622542080.0,25.33156394958496
,1622542110.0,25.334014892578125
,1622542140.0,25.336462020874023
,1622542170.0,25.33890724182129
,1622542200.0,25.34134864807129
,1622542230.0,25.343786239624023
,1622542260.0,25.346221923828125
,1622542290.0,25.34865379333496
,1622542320.0,25.351083755493164
,1622542350.0,25.3535099029541
,1622542380.0,25.355934143066406
,1622542410.0,25.358354568481445
,1622542440.0,25.36077308654785
,1622542470.0,25.112051010131836
,1622542500.0,25.11475944519043
,1622542530.0,25.117464065551758
,1622542560.0,25.12016487121582
,1622542590.0,25.12286376953125
,1622542620.0,25.125558853149414
,1622542650.0,25.128250122070312
,1622542680.0,25.130939483642578
,1622542710.0,25.133625030517578
,1622542740.0,25.136306762695312
,1622542770.0,25.138986587524414
,1622542800.0,25.14166259765625
,1622542830.0,25.14433479309082
,1622542860.0,25.147005081176758
,1622542890.0,25.14967155456543
,1622542920.0,25.152334213256836
,1622542950.0,25.15499496459961
,1622542980.0,25.157651901245117
,1622543010.0,25.16030502319336
,1622543040.0,25.16295623779297
,1622543070.0,25.165603637695312
,1622543100.0,25.168249130249023
,1622543130.0,25.17089080810547
,1622543160.0,25.17352867126465
,1622543190.0,25.176164627075195
,1622543220.0,25.178796768188477
,1622543250.0,25.181425094604492
,1622543280.0,25.184051513671875
,1622543310.0,25.186674118041992
,1622543340.0,25.189292907714844
,1622543370.0,24.940773010253906
,1622543400.0,24.943681716918945
,1622543430.0,24.94658660888672
,1622543460.0,24.949487686157227
,1622543490.0,24.95238494873047
,1622543520.0,24.955280303955078
,1622543550.0,24.958171844482422
,1622543580.0,24.9610595703125
,1622543610.0,24.963943481445312
,1622543640.0,24.96682357788086
,1622543670.0,24.969701766967773
,1622543700.0,24.972576141357422
,1622543730.0,24.975446701049805
,1622543760.0,24.978313446044922
,1622543790.0,24.981178283691406
,1622543820.0,24.984039306640625
,1622543850.0,24.986896514892578
,1622543880.0,24.989749908447266
,1622543910.0,24.99260139465332
,1622543940.0,24.99544906616211
,1622543970.0,24.998292922973633
,1622544000.0,25.00113296508789
,1622544030.0,25.003971099853516
,1622544060.0,25.006805419921875
,1622544090.0,25.00963592529297
,1622544120.0,25.012462615966797
,1622544150.0,25.015287399291992
,1622544180.0,25.018108367919922
,1622544210.0,25.020925521850586
,1622544240.0,25.023738861083984
,1622544270.0,24.775413513183594
,1622544300.0,24.778514862060547
,1622544330.0,24.781612396240234
,1622544360.0,24.78470802307129
,1622544390.0,24.787799835205078
,1622544420.0,24.7908878326416
,1622544450.0,24.79397201538086
,1622544480.0,24.79705238342285
,1622544510.0,24.800128936767578
,1622544540.0,24.80320167541504
,1622544570.0,24.806270599365234
,1622544600.0,24.809335708618164
,1622544630.0,24.812397003173828
,1622544660.0,24.81545639038086
,1622544690.0,24.818511962890625
,1622544720.0,24.821563720703125
,1622544750.0,24.82461166381836
,1622544780.0,24.827655792236328
,1622544810.0,24.83069610595703
,1622544840.0,24.83373260498047
,1622544870.0,24.83676528930664
,1622544900.0,24.839794158935547
,1622544930.0,24.84282112121582
,1622544960.0,24.845844268798828
,1622544990.0,24.84886360168457
,1622545020.0,24.851879119873047
,1622545050.0,24.854890823364258
,1622545080.0,24.857898712158203
,1622545110.0,24.860902786254883
,1622545140.0,24.86390495300293
,1622545170.0,24.615766525268555
,1622545200.0,24.619054794311523
,1622545230.0,24.622339248657227
,1622545260.0,24.625619888305664
,1622545290.0,24.628896713256836
,1622545320.0,24.632169723510742
,1622545350.0,24.635438919067383
,1622545380.0,24.638704299926758
,1622545410.0,24.641965866088867
,1622545440.0,24.64522361755371
,1622545470.0,24.64847755432129
,1622545500.0,24.6517276763916
,1622545530.0,24.65497398376465
,1622545560.0,24.65821647644043
,1622545590.0,24.661455154418945
,1622545620.0,24.664690017700195
,1622545650.0,24.66792106628418
,1622545680.0,24.6711483001709
,1622545710.0,24.67437171936035
,1622545740.0,24.67759132385254
,1622545770.0,24.68080711364746
,1622545800.0,24.684019088745117
,1622545830.0,24.687227249145508
,1622545860.0,24.690431594848633
,1622545890.0,24.693632125854492
,1622545920.0,24.696828842163086
,1622545950.0,24.700021743774414
,1622545980.0,24.703210830688477
,1622546010.0,24.706396102905273
,1622546040.0,24.709577560424805
,1622546070.0,24.461618423461914
,1622546100.0,24.465087890625
,1622546130.0,24.46855354309082
,1622546160.0,24.472015380859375
,1622546190.0,24.475473403930664
,1622546220.0,24.478925704956055
,1622546250.0,24.48237419128418
,1622546280.0,24.48581886291504
,1622546310.0,24.489259719848633
,1622546340.0,24.49269676208496
,1622546370.0,24.496129989624023
,1622546400.0,24.49955940246582
,1622546430.0,24.50298500061035
,1622546460.0,24.506404876708984
,1622546490.0,24.50982093811035
,1622546520.0,24.513233184814453
,1622546550.0,24.51664161682129
,1622546580.0,24.52004623413086
,1622546610.0,24.523447036743164
,1622546640.0,24.526844024658203
,1622546670.0,24.530237197875977
,1622546700.0,24.533626556396484
,1622546730.0,24.537012100219727
,1622546760.0,24.54039192199707
,1622546790.0,24.54376792907715
,1622546820.0,24.54714012145996
,1622546850.0,24.550508499145508
,1622546880.0,24.55387306213379
,1622546910.0,24.557233810424805
,1622546940.0,24.560590744018555
,1622546970.0,24.312807083129883
,1622547000.0,24.316450119018555
,1622547030.0,24.32008934020996
,1622547060.0,24.3237247467041
,1622547090.0,24.327356338500977
,1622547120.0,24.330982208251953
,1622547150.0,24.334604263305664
,1622547180.0,24.33822250366211
,1622547210.0,24.34183692932129
,1622547240.0,24.34544563293457
,1622547270.0,24.349050521850586
,1622547300.0,24.352651596069336
,1622547330.0,24.35624885559082
,1622547360.0,24.35984230041504
,1622547390.0,24.36343002319336
,1622547420.0,24.367013931274414
,1622547450.0,24.370594024658203
,1622547480.0,24.374170303344727
,1622547510.0,24.37774085998535
,1622547540.0,24.38130760192871
,1622547570.0,24.384870529174805
,1622547600.0,24.388429641723633
,1622547630.0,24.391984939575195
,1622547660.0,24.39553451538086
,1622547690.0,24.399080276489258
,1622547720.0,24.40262222290039
,1622547750.0,24.406160354614258
,1622547780.0,24.40969467163086
,1622547810.0,24.413225173950195
,1622547840.0,24.416749954223633
,1622547870.0,24.16913414001465
,1622547900.0,24.17294692993164
,1622547930.0,24.176753997802734
,1622547960.0,24.180557250976562
,1622547990.0,24.184354782104492
,1622548020.0,24.188148498535156
,1622548050.0,24.191938400268555
,1622548080.0,24.195722579956055
,1622548110.0,24.19950294494629
,1622548140.0,24.203279495239258
,1622548170.0,24.207050323486328
,1622548200.0,24.210817337036133
,1622548230.0,24.214580535888672
,1622548260.0,24.218338012695312
,1622548290.0,24.222091674804688
,1622548320.0,24.225841522216797
,1622548350.0,24.229585647583008
,1622548380.0,24.233325958251953
,1622548410.0,24.237062454223633
,1622548440.0,24.240795135498047
,1622548470.0,24.244522094726562
,1622548500.0,24.248245239257812
,1622548530.0,24.251964569091797
,1622548560.0,24.255678176879883
,1622548590.0,24.259387969970703
,1622548620.0,24.263093948364258
,1622548650.0,24.266794204711914
,1622548680.0,24.270490646362305
,1622548710.0,24.27418327331543
,1622548740.0,24.27787208557129
,1622548770.0,24.030418395996094
,1622548800.0,24.034393310546875
,1622548830.0,24.038362503051758
,1622548860.0,24.042327880859375
,1622548890.0,24.046287536621094
,1622548920.0,24.050243377685547
,1622548950.0,24.0541934967041
,1622548980.0,24.05813980102539
,1622549010.0,24.06208038330078
,1622549040.0,24.066017150878906
,1622549070.0,24.069950103759766
,1622549100.0,24.073877334594727
,1622549130.0,24.077800750732422
,1622549160.0,24.08171844482422
,1622549190.0,24.08563232421875
,1622549220.0,24.089540481567383
,1622549250.0,24.09344482421875
,1622549280.0,24.09734535217285
,1622549310.0,24.101240158081055
,1622549340.0,24.105131149291992
,1622549370.0,24.10901641845703
,1622549400.0,24.112897872924805
,1622549430.0,24.116775512695312
,1622549460.0,24.120647430419922
,1622549490.0,24.124515533447266
,1622549520.0,24.12837791442871
,1622549550.0,24.13223648071289
,1622549580.0,24.136091232299805
,1622549610.0,24.13994026184082
,1622549640.0,24.14378547668457
,1622549670.0,23.896488189697266
,1622549700.0,23.900619506835938
,1622549730.0,23.90474510192871
,1622549760.0,23.90886688232422
,1622549790.0,23.912982940673828
,1622549820.0,23.917095184326172
,1622549850.0,23.921201705932617
,1622549880.0,23.925302505493164
,1622549910.0,23.929399490356445
,1622549940.0,23.933490753173828
,1622549970.0,23.937578201293945
,1622550000.0,23.941659927368164
,1622550030.0,23.945737838745117
,1622550060.0,23.949810028076172
,1622550090.0,23.95387840270996
,1622550120.0,23.95794105529785
,1622550150.0,23.961999893188477
,1622550180.0,23.966053009033203
,1622550210.0,23.970102310180664
,1622550240.0,23.974145889282227
,1622550270.0,23.978185653686523
,1622550300.0,23.982219696044922
,1622550330.0,23.986249923706055
,1622550360.0,23.99027442932129
,1622550390.0,23.994295120239258
,1622550420.0,23.998310089111328
,1622550450.0,24.002321243286133
,1622550480.0,24.00632667541504
,1622550510.0,24.01032829284668
,1622550540.0,24.014324188232422
,1622550570.0,23.767179489135742
,1622550600.0,23.771461486816406
,1622550630.0,23.775737762451172
,1622550660.0,23.780010223388672
,1622550690.0,23.784276962280273
,1622550720.0,23.788537979125977
,1622550750.0,23.792795181274414
,1622550780.0,23.797046661376953
,1622550810.0,23.801294326782227
,1622550840.0,23.8055362701416
,1622550870.0,23.809772491455078
,1622550900.0,23.81400489807129
,1622550930.0,23.8182315826416
,1622550960.0,23.822452545166016
,1622550990.0,23.826669692993164
,1622551020.0,23.830881118774414
,1622551050.0,23.8350887298584
,1622551080.0,23.839290618896484
,1622551110.0,23.843486785888672
,1622551140.0,23.847679138183594
,1622551170.0,23.851865768432617
,1622551200.0,23.856048583984375
,1622551230.0,23.860225677490234
,1622551260.0,23.864397048950195
,1622551290.0,23.86856460571289
,1622551320.0,23.872726440429688
,1622551350.0,23.87688446044922
,1622551380.0,23.88103675842285
,1622551410.0,23.88518524169922
,1622551440.0,23.889328002929688
,1622551470.0,23.6423282623291
,1622551500.0,23.64675521850586
,1622551530.0,23.65117835998535
,1622551560.0,23.655595779418945
,1622551590.0,23.66000747680664
,1622551620.0,23.66441535949707
,1622551650.0,23.6688175201416
,1622551680.0,23.673213958740234
,1622551710.0,23.67760467529297
,1622551740.0,23.681991577148438
,1622551770.0,23.686372756958008
,1622551800.0,23.69074821472168
,1622551830.0,23.695119857788086
,1622551860.0,23.699485778808594
,1622551890.0,23.703845977783203
,1622551920.0,23.708200454711914
,1622551950.0,23.71255111694336
,1622551980.0,23.716896057128906
,1622552010.0,23.721235275268555
,1622552040.0,23.725570678710938
,1622552070.0,23.729900360107422
,1622552100.0,23.734224319458008
,1622552130.0,23.738544464111328
,1622552160.0,23.74285888671875
,1622552190.0,23.747167587280273
,1622552220.0,23.75147247314453
,1622552250.0,23.75577163696289
,1622552280.0,23.76006507873535
,1622552310.0,23.764354705810547
,1622552340.0,23.768638610839844
,1622552370.0,23.521780014038086
,1622552400.0,23.526348114013672
,1622552430.0,23.53091049194336
,1622552460.0,23.53546905517578
,1622552490.0,23.540021896362305
,1622552520.0,23.54456901550293
,1622552550.0,23.549110412597656
,1622552580.0,23.553646087646484
,1622552610.0,23.558177947998047
,1622552640.0,23.56270408630371
,1622552670.0,23.567224502563477
,1622552700.0,23.571739196777344
,1622552730.0,23.576248168945312
,1622552760.0,23.580753326416016
,1622552790.0,23.58525276184082
,1622552820.0,23.589746475219727
,1622552850.0,23.594234466552734
,1622552880.0,23.598718643188477
,1622552910.0,23.60319709777832
,1622552940.0,23.607669830322266
,1622552970.0,23.612136840820312
,1622553000.0,23.61659812927246
,1622553030.0,23.621055603027344
,1622553060.0,23.625507354736328
,1622553090.0,23.629953384399414
,1622553120.0,23.6343936920166
,1622553150.0,23.638830184936523
,1622553180.0,23.643260955810547
,1622553210.0,23.647686004638672
,1622553240.0,23.6521053314209
,1622553270.0,23.405384063720703
,1622553300.0,23.41008949279785
,1622553330.0,23.4147891998291
,1622553360.0,23.419483184814453
,1622553390.0,23.424171447753906
,1622553420.0,23.42885398864746
,1622553450.0,23.433530807495117
,1622553480.0,23.438201904296875
,1622553510.0,23.442867279052734
,1622553540.0,23.447526931762695
,1622553570.0,23.452180862426758
,1622553600.0,23.456830978393555
,1622553630.0,23.461475372314453
,1622553660.0,23.466114044189453
,1622553690.0,23.470746994018555
,1622553720.0,23.475374221801758
,1622553750.0,23.479995727539062
,1622553780.0,23.48461151123047
,1622553810.0,23.48922348022461
,1622553840.0,23.49382972717285
,1622553870.0,23.498430252075195
,1622553900.0,23.50302505493164
,1622553930.0,23.507614135742188
,1622553960.0,23.512197494506836
,1622553990.0,23.51677703857422
,1622554020.0,23.521350860595703
,1622554050.0,23.52591896057129
,1622554080.0,23.530481338500977
,1622554110.0,23.535037994384766
,1622554140.0,23.539588928222656
,1622554170.0,23.292999267578125
,1622554200.0,23.297834396362305
,1622554230.0,23.302663803100586
,1622554260.0,23.30748748779297
,1622554290.0,23.312305450439453
,1622554320.0,23.31711769104004
,1622554350.0,23.321924209594727
,1622554380.0,23.326725006103516
,1622554410.0,23.331520080566406
,1622554440.0,23.33631134033203
,1622554470.0,23.341096878051758
,1622554500.0,23.345876693725586
,1622554530.0,23.350650787353516
,1622554560.0,23.355419158935547
,1622554590.0,23.36018180847168
,1622554620.0,23.364938735961914
,1622554650.0,23.36968994140625
,1622554680.0,23.374435424804688
,1622554710.0,23.379175186157227
,1622554740.0,23.383909225463867
,1622554770.0,23.38863754272461
,1622554800.0,23.393360137939453
,1622554830.0,23.3980770111084
,1622554860.0,23.402788162231445
,1622554890.0,23.407493591308594
,1622554920.0,23.412195205688477
,1622554950.0,23.41689109802246
,1622554980.0,23.421581268310547
,1622555010.0,23.426265716552734
,1622555040.0,23.430944442749023
,1622555070.0,23.184480667114258
,1622555100.0,23.189443588256836
,1622555130.0,23.194400787353516
,1622555160.0,23.199352264404297
,1622555190.0,23.20429801940918
,1622555220.0,23.20923614501953
,1622555250.0,23.214168548583984
,1622555280.0,23.21909523010254
,1622555310.0,23.224016189575195
,1622555340.0,23.228931427001953
,1622555370.0,23.233840942382812
,1622555400.0,23.238744735717773
,1622555430.0,23.243642807006836
,1622555460.0,23.24853515625
,1622555490.0,23.253421783447266
,1622555520.0,23.258302688598633
,1622555550.0,23.2631778717041
,1622555580.0,23.268047332763672
,1622555610.0,23.272911071777344
,1622555640.0,23.277769088745117
,1622555670.0,23.282621383666992
,1622555700.0,23.28746795654297
,1622555730.0,23.292308807373047
,1622555760.0,23.297143936157227
,1622555790.0,23.301973342895508
,1622555820.0,23.30679702758789
,1622555850.0,23.311614990234375
,1622555880.0,23.31642723083496
,1622555910.0,23.32123374938965
,1622555940.0,23.326034545898438
,1622555970.0,23.079692840576172
,1622556000.0,23.08477783203125
,1622556030.0,23.08985710144043
,1622556060.0,23.094928741455078
,1622556090.0,23.099994659423828
,1622556120.0,23.10505485534668
,1622556150.0,23.110109329223633
,1622556180.0,23.115158081054688
,1622556210.0,23.120201110839844
,1622556240.0,23.1252384185791
,1622556270.0,23.13027000427246
,1622556300.0,23.13529396057129
,1622556330.0,23.14031219482422
,1622556360.0,23.14532470703125
,1622556390.0,23.150331497192383
,1622556420.0,23.155332565307617
,1622556450.0,23.160327911376953
,1622556480.0,23.16531753540039
,1622556510.0,23.17030143737793
,1622556540.0,23.17527961730957
,1622556570.0,23.180252075195312
,1622556600.0,23.185218811035156
,1622556630.0,23.1901798248291
,1622556660.0,23.195133209228516
,1622556690.0,23.20008087158203
,1622556720.0,23.20502281188965
,1622556750.0,23.209959030151367
,1622556780.0,23.214889526367188
,1622556810.0,23.21981430053711
,1622556840.0,23.224733352661133
,1622556870.0,22.9785099029541
,1622556900.0,22.983713150024414
,1622556930.0,22.988908767700195
,1622556960.0,22.994098663330078
,1622556990.0,22.999282836914062
,1622557020.0,23.00446128845215
,1622557050.0,23.009634017944336
,1622557080.0,23.014799118041992
,1622557110.0,23.01995849609375
,1622557140.0,23.02511215209961
,1622557170.0,23.03026008605957
,1622557200.0,23.035402297973633
,1622557230.0,23.040536880493164
,1622557260.0,23.045665740966797
,1622557290.0,23.05078887939453
,1622557320.0,23.055906295776367
,1622557350.0,23.061017990112305
,1622557380.0,23.066123962402344
,1622557410.0,23.07122230529785
,1622557440.0,23.07631492614746
,1622557470.0,23.081401824951172
,1622557500.0,23.086483001708984
,1622557530.0,23.0915584564209
,1622557560.0,23.096628189086914
,1622557590.0,23.10169219970703
,1622557620.0,23.106748580932617
,1622557650.0,23.111799240112305
,1622557680.0,23.116844177246094
,1622557710.0,23.121883392333984
,1622557740.0,23.126916885375977
,1622557770.0,22.880807876586914
,1622557800.0,22.886123657226562
,1622557830.0,22.891433715820312
,1622557860.0,22.896738052368164
,1622557890.0,22.902034759521484
,1622557920.0,22.907325744628906
,1622557950.0,22.91261100769043
,1622557980.0,22.917890548706055
,1622558010.0,22.92316246032715
,1622558040.0,22.928428649902344
,1622558070.0,22.93368911743164
,1622558100.0,22.93894386291504
,1622558130.0,22.944190979003906
,1622558160.0,22.949432373046875
,1622558190.0,22.954668045043945
,1622558220.0,22.959897994995117
,1622558250.0,22.965120315551758
,1622558280.0,22.9703369140625
,1622558310.0,22.975547790527344
,1622558340.0,22.98075294494629
,1622558370.0,22.985950469970703
,1622558400.0,22.99114227294922
,1622558430.0,22.996328353881836
,1622558460.0,23.001508712768555
,1622558490.0,23.006683349609375
,1622558520.0,23.011850357055664
,1622558550.0,23.017011642456055
,1622558580.0,23.022167205810547
,1622558610.0,23.02731704711914
,1622558640.0,23.032461166381836
,1622558670.0,22.786460876464844
,1622558700.0,22.791887283325195
,1622558730.0,22.79730796813965
,1622558760.0,22.80272102355957
,1622558790.0,22.808128356933594
,1622558820.0,22.813528060913086
,1622558850.0,22.81892204284668
,1622558880.0,22.824310302734375
,1622558910.0,22.82969093322754
,1622558940.0,22.835065841674805
,1622558970.0,22.840435028076172
,1622559000.0,22.84579849243164
,1622559030.0,22.851154327392578
,1622559060.0,22.856504440307617
,1622559090.0,22.861848831176758
,1622559120.0,22.867185592651367
,1622559150.0,22.872516632080078
,1622559180.0,22.87784194946289
,1622559210.0,22.883159637451172
,1622559240.0,22.888471603393555
,1622559270.0,22.89377784729004
,1622559300.0,22.899078369140625
,1622559330.0,22.90437126159668
,1622559360.0,22.909658432006836
,1622559390.0,22.914939880371094
,1622559420.0,22.92021369934082
,1622559450.0,22.92548179626465
,1622559480.0,22.930744171142578
,1622559510.0,22.93600082397461
,1622559540.0,22.94124984741211
,1622559570.0,22.94649314880371
,1622559600.0,22.951730728149414
,1622559630.0,22.95696258544922
,1622559660.0,22.962186813354492
,1622559690.0,22.967405319213867
,1622559720.0,22.972618103027344
,1622559750.0,22.977825164794922
,1622559780.0,22.9830265045166
,1622559810.0,22.98822021484375
,1622559840.0,22.993408203125
,1622559870.0,22.99859046936035
,1622559900.0,23.003767013549805
,1622559930.0,23.00893783569336
,1622559960.0,23.014101028442383
,1622559990.0,23.019258499145508
,1622560020.0,23.024410247802734
,1622560050.0,23.029556274414062
,1622560080.0,23.034696578979492
,1622560110.0,23.03982925415039
,1622560140.0,23.04495620727539
,1622560170.0,23.050077438354492
,1622560200.0,23.055192947387695
,1622560230.0,23.060302734375
,1622560260.0,23.065406799316406
,1622560290.0,23.07050323486328
,1622560320.0,23.075593948364258
,1622560350.0,23.080678939819336
,1622560380.0,23.085758209228516
,1622560410.0,23.090831756591797
,1622560440.0,23.09589958190918
,1622560470.0,22.849822998046875
,1622560500.0,22.855173110961914
,1622560530.0,22.860517501831055
,1622560560.0,22.865854263305664
,1622560590.0,22.871185302734375
,1622560620.0,22.876510620117188
,1622560650.0,22.88182830810547
,1622560680.0,22.88714027404785
,1622560710.0,22.892446517944336
,1622560740.0,22.897747039794922
,1622560770.0,22.903039932250977
,1622560800.0,22.908327102661133
,1622560830.0,22.91360855102539
,1622560860.0,22.91888427734375
,1622560890.0,22.924152374267578
,1622560920.0,22.929414749145508
,1622560950.0,22.93467140197754
,1622560980.0,22.939922332763672
,1622561010.0,22.945165634155273
,1622561040.0,22.950403213500977
,1622561070.0,22.95563507080078
,1622561100.0,22.960861206054688
,1622561130.0,22.966079711914062
,1622561160.0,22.97129249572754
,1622561190.0,22.976499557495117
,1622561220.0,22.981700897216797
,1622561250.0,22.986894607543945
,1622561280.0,22.992082595825195
,1622561310.0,22.997264862060547
,1622561340.0,23.00244140625
,1622561370.0,22.7564754486084
,1622561400.0,22.761934280395508
,1622561430.0,22.76738739013672
,1622561460.0,22.7728328704834
,1622561490.0,22.77827262878418
,1622561520.0,22.78370475769043
,1622561550.0,22.78913116455078
,1622561580.0,22.794551849365234
,1622561610.0,22.799964904785156
,1622561640.0,22.80537223815918
,1622561670.0,22.810773849487305
,1622561700.0,22.8161678314209
,1622561730.0,22.821556091308594
,1622561760.0,22.82693862915039
,1622561790.0,22.832313537597656
,1622561820.0,22.837682723999023
,1622561850.0,22.843046188354492
,1622561880.0,22.84840202331543
,1622561910.0,22.85375213623047
,1622561940.0,22.85909652709961
,1622561970.0,22.86443519592285
,1622562000.0,22.869766235351562
,1622562030.0,22.875091552734375
,1622562060.0,22.88041114807129
,1622562090.0,22.885723114013672
,1622562120.0,22.891029357910156
,1622562150.0,22.896329879760742
,1622562180.0,22.901622772216797
,1622562210.0,22.906909942626953
,1622562240.0,22.91219139099121
,1622562270.0,22.91746711730957
,1622562300.0,22.9227352142334
,1622562330.0,22.927997589111328
,1622562360.0,22.93325424194336
,1622562390.0,22.938505172729492
,1622562420.0,22.943748474121094
,1622562450.0,22.948986053466797
,1622562480.0,22.9542179107666
,1622562510.0,22.959444046020508
,1622562540.0,22.964662551879883
,1622562570.0,22.96987533569336
,1622562600.0,22.975082397460938
,1622562630.0,22.980283737182617
,1622562660.0,22.9854793548584
,1622562690.0,22.99066734313965
,1622562720.0,22.995849609375
,1622562750.0,23.001026153564453
,1622562780.0,23.006196975708008
,1622562810.0,23.011362075805664
,1622562840.0,23.01651954650879
,1622562870.0,23.021671295166016
,1622562900.0,23.026817321777344
,1622562930.0,23.031957626342773
,1622562960.0,23.037092208862305
,1622562990.0,23.042219161987305
,1622563020.0,23.047340393066406
,1622563050.0,23.05245590209961
,1622563080.0,23.057565689086914
,1622563110.0,23.06266975402832
,1622563140.0,23.067768096923828
,1622563170.0,22.82172203063965
,1622563200.0,22.827102661132812
,1622563230.0,22.832477569580078
,1622563260.0,22.837844848632812
,1622563290.0,22.84320640563965
,1622563320.0,22.848562240600586
,1622563350.0,22.853910446166992
,1622563380.0,22.8592529296875
,1622563410.0,22.86458969116211
,1622563440.0,22.869918823242188
,1622563470.0,22.875242233276367
,1622563500.0,22.88055992126465
,1622563530.0,22.88587188720703
,1622563560.0,22.891176223754883
,1622563590.0,22.896474838256836
,1622563620.0,22.90176773071289
,1622563650.0,22.907052993774414
,1622563680.0,22.91233253479004
,1622563710.0,22.917606353759766
,1622563740.0,22.922874450683594
,1622563770.0,22.92813491821289
,1622563800.0,22.93338966369629
,1622563830.0,22.93863868713379
,1622563860.0,22.94388198852539
,1622563890.0,22.94911766052246
,1622563920.0,22.954347610473633
,1622563950.0,22.959571838378906
,1622563980.0,22.96479034423828
,1622564010.0,22.970001220703125
,1622564040.0,22.97520637512207
,1622564070.0,22.980405807495117
,1622564100.0,22.985599517822266
,1622564130.0,22.990787506103516
,1622564160.0,22.995967864990234
,1622564190.0,23.001142501831055
,1622564220.0,23.006311416625977
,1622564250.0,23.011474609375
,1622564280.0,23.016632080078125
,1622564310.0,23.02178192138672
,1622564340.0,23.026926040649414
,1622564370.0,23.03206443786621
,1622564400.0,23.03719711303711
,1622564430.0,23.04232406616211
,1622564460.0,23.04744529724121
,1622564490.0,23.05255889892578
,1622564520.0,23.057666778564453
,1622564550.0,23.062768936157227
,1622564580.0,23.0678653717041
,1622564610.0,23.072956085205078
,1622564640.0,23.078041076660156
,1622564670.0,23.083118438720703
,1622564700.0,23.08819007873535
,1622564730.0,23.0932559967041
,1622564760.0,23.098316192626953
,1622564790.0,23.103370666503906
,1622564820.0,23.10841941833496
,1622564850.0,23.113462448120117
,1622564880.0,23.118499755859375
,1622564910.0,23.1235294342041
,1622564940.0,23.12855339050293
,1622564970.0,23.13357162475586
,1622565000.0,23.13858413696289
,1622565030.0,23.143590927124023
,1622565060.0,23.148591995239258
,1622565090.0,23.153587341308594
,1622565120.0,23.15857696533203
,1622565150.0,23.16356086730957
,1622565180.0,23.16853904724121
,1622565210.0,23.17350959777832
,1622565240.0,23.17847442626953
,1622565270.0,23.183433532714844
,1622565300.0,23.188386917114258
,1622565330.0,23.193334579467773
,1622565360.0,23.19827651977539
,1622565390.0,23.20321273803711
,1622565420.0,23.20814323425293
,1622565450.0,23.21306800842285
,1622565480.0,23.217987060546875
,1622565510.0,23.222900390625
,1622565540.0,23.227807998657227
,1622565570.0,23.232709884643555
,1622565600.0,23.237606048583984
,1622565630.0,23.242496490478516
,1622565660.0,23.24738121032715
,1622565690.0,23.252260208129883
,1622565720.0,23.25713348388672
,1622565750.0,23.262001037597656
,1622565780.0,23.266862869262695
,1622565810.0,23.271718978881836
,1622565840.0,23.276569366455078
,1622565870.0,23.281414031982422
,1622565900.0,23.286252975463867
,1622565930.0,23.291086196899414
,1622565960.0,23.295913696289062
,1622565990.0,23.300735473632812
,1622566020.0,23.305551528930664
,1622566050.0,23.310361862182617
,1622566080.0,23.315166473388672
,1622566110.0,23.319965362548828
,1622566140.0,23.324758529663086
,1622566170.0,23.329545974731445
,1622566200.0,23.334327697753906
,1622566230.0,23.33910369873047
,1622566260.0,23.343873977661133
,1622566290.0,23.3486385345459
,1622566320.0,23.353397369384766
,1622566350.0,23.358150482177734
,1622566380.0,23.362897872924805
,1622566410.0,23.367639541625977
,1622566440.0,23.37237548828125
,1622566470.0,23.377105712890625
,1622566500.0,23.381832122802734
,1622566530.0,23.386552810668945
,1622566560.0,23.391267776489258
,1622566590.0,23.395977020263672
,1622566620.0,23.400680541992188
,1622566650.0,23.405378341674805
,1622566680.0,23.410070419311523
,1622566710.0,23.414756774902344
,1622566740.0,23.419437408447266
,1622566770.0,23.42411231994629
,1622566800.0,23.428783416748047
,1622566830.0,23.433448791503906
,1622566860.0,23.438108444213867
,1622566890.0,23.44276237487793
,1622566920.0,23.447410583496094
,1622566950.0,23.45205307006836
,1622566980.0,23.456689834594727
,1622567010.0,23.461320877075195
,1622567040.0,23.4659481048584
,1622567070.0,23.470569610595703
,1622567100.0,23.47518539428711
,1622567130.0,23.479795455932617
,1622567160.0,23.484399795532227
,1622567190.0,23.488998413085938
,1622567220.0,23.49359130859375
,1622567250.0,23.498180389404297
,1622567280.0,23.502763748168945
,1622567310.0,23.507341384887695
,1622567340.0,23.511913299560547
,1622567370.0,23.5164794921875
,1622567400.0,23.521039962768555
,1622567430.0,23.525596618652344
,1622567460.0,23.530147552490234
,1622567490.0,23.534692764282227
,1622567520.0,23.53923225402832
,1622567550.0,23.543766021728516
,1622567580.0,23.548295974731445
,1622567610.0,23.552820205688477
,1622567640.0,23.55733871459961
,1622567670.0,23.561851501464844
,1622567700.0,23.56635856628418
,1622567730.0,23.57086181640625
,1622567760.0,23.575359344482422
,1622567790.0,23.579851150512695
,1622567820.0,23.58433723449707
,1622567850.0,23.588817596435547
,1622567880.0,23.593294143676758
,1622567910.0,23.59776496887207
,1622567940.0,23.602230072021484
,1622567970.0,23.606689453125
,1622568000.0,23.61114501953125
,1622568030.0,23.6155948638916
,1622568060.0,23.620038986206055
,1622568090.0,23.62447738647461
,1622568120.0,23.6289119720459
,1622568150.0,23.63334083557129
,1622568180.0,23.63776397705078
,1622568210.0,23.642181396484375
,1622568240.0,23.646595001220703
,1622568270.0,23.651002883911133
,1622568300.0,23.655405044555664
,1622568330.0,23.65980339050293
,1622568360.0,23.664196014404297
,1622568390.0,23.668582916259766
,1622568420.0,23.672964096069336
,1622568450.0,23.67734146118164
,1622568480.0,23.681713104248047
,1622568510.0,23.686079025268555
,1622568540.0,23.690441131591797
,1622568570.0,23.69479751586914
,1622568600.0,23.699148178100586
,1622568630.0,23.703495025634766
,1622568660.0,23.707836151123047
,1622568690.0,23.71217155456543
,1622568720.0,23.716501235961914
,1622568750.0,23.720827102661133
,1622568780.0,23.725147247314453
,1622568810.0,23.729461669921875
,1622568840.0,23.73377227783203
,1622568870.0,23.73807716369629
,1622568900.0,23.74237632751465
,1622568930.0,23.746671676635742
,1622568960.0,23.750961303710938
,1622568990.0,23.755245208740234
,1622569020.0,23.759525299072266
,1622569050.0,23.7637996673584
,1622569080.0,23.768070220947266
,1622569110.0,23.772335052490234
,1622569140.0,23.776594161987305
,1622569170.0,23.78084945678711
,1622569200.0,23.785099029541016
,1622569230.0,23.789342880249023
,1622569260.0,23.793582916259766
,1622569290.0,23.79781723022461
,1622569320.0,23.802047729492188
,1622569350.0,23.806272506713867
,1622569380.0,23.81049156188965
,1622569410.0,23.814706802368164
,1622569440.0,23.81891632080078
,1622569470.0,23.8231201171875
,1622569500.0,23.827320098876953
,1622569530.0,23.831514358520508
,1622569560.0,23.835704803466797
,1622569590.0,23.839889526367188
,1622569620.0,23.844070434570312
,1622569650.0,23.84824562072754
,1622569680.0,23.852415084838867
,1622569710.0,23.85658073425293
,1622569740.0,23.860740661621094
,1622569770.0,23.864896774291992
,1622569800.0,23.869047164916992
,1622569830.0,23.873193740844727
,1622569860.0,23.877334594726562
,1622569890.0,23.8814697265625
,1622569920.0,23.885601043701172
,1622569950.0,23.889726638793945
,1622569980.0,23.893848419189453
,1622570010.0,23.897964477539062
,1622570040.0,23.902076721191406
,1622570070.0,23.90618324279785
,1622570100.0,23.91028594970703
,1622570130.0,23.914382934570312
,1622570160.0,23.918476104736328
,1622570190.0,23.922563552856445
,1622570220.0,23.926645278930664
,1622570250.0,23.930723190307617
,1622570280.0,23.934795379638672
,1622570310.0,23.93886375427246
,1622570340.0,23.94292640686035
,1622570370.0,23.946985244750977
,1622570400.0,23.951038360595703
,1622570430.0,23.955087661743164
,1622570460.0,23.959131240844727
,1622570490.0,23.963171005249023
,1622570520.0,23.967205047607422
,1622570550.0,23.971235275268555
,1622570580.0,23.97525978088379
,1622570610.0,23.979280471801758
,1622570640.0,23.983295440673828
,1622570670.0,23.987306594848633
,1622570700.0,23.99131202697754
,1622570730.0,23.99531364440918
,1622570760.0,23.999309539794922
,1622570790.0,24.0033016204834
,1622570820.0,24.00728988647461
,1622570850.0,24.011272430419922
,1622570880.0,24.01525115966797
,1622570910.0,24.019224166870117
,1622570940.0,24.023193359375
,1622570970.0,24.027156829833984
,1622571000.0,24.031116485595703
,1622571030.0,24.035070419311523
,1622571060.0,24.039020538330078
,1622571090.0,24.042964935302734
,1622571120.0,24.046905517578125
,1622571150.0,24.05084228515625
,1622571180.0,24.054773330688477
,1622571210.0,24.058700561523438
,1622571240.0,24.0626220703125
,1622571270.0,24.066539764404297
,1622571300.0,24.070451736450195
,1622571330.0,24.074359893798828
,1622571360.0,24.078264236450195
,1622571390.0,24.082162857055664
,1622571420.0,24.086057662963867
,1622571450.0,24.089946746826172
,1622571480.0,24.09383201599121
,1622571510.0,24.097713470458984
,1622571540.0,24.10158920288086
,1622571570.0,24.10546112060547
,1622571600.0,24.10932731628418
,1622571630.0,24.113189697265625
,1622571660.0,24.117048263549805
,1622571690.0,24.120901107788086
,1622571720.0,24.1247501373291
,1622571750.0,24.12859535217285
,1622571780.0,24.132434844970703
,1622571810.0,24.13627052307129
,1622571840.0,24.140100479125977
,1622571870.0,24.1439266204834
,1622571900.0,24.147748947143555
,1622571930.0,24.151565551757812
,1622571960.0,24.155378341674805
,1622571990.0,24.15918731689453
,1622572020.0,24.16299057006836
,1622572050.0,24.166790008544922
,1622572080.0,24.17058563232422
,1622572110.0,24.174375534057617
,1622572140.0,24.17816162109375
,1622572170.0,24.181943893432617
,1622572200.0,24.185720443725586
,1622572230.0,24.18949317932129
,1622572260.0,24.193262100219727
,1622572290.0,24.197025299072266
,1622572320.0,24.20078468322754
,1622572350.0,24.204540252685547
,1622572380.0,24.208290100097656
,1622572410.0,24.2120361328125
,1622572440.0,24.215778350830078
,1622572470.0,24.219514846801758
,1622572500.0,24.223247528076172
,1622572530.0,24.22697639465332
,1622572560.0,24.23069953918457
,1622572590.0,24.234418869018555
,1622572620.0,24.238134384155273
,1622572650.0,24.241844177246094
,1622572680.0,24.24555015563965
,1622572710.0,24.249252319335938
,1622572740.0,24.25295066833496
,1622572770.0,24.256643295288086
,1622572800.0,24.260332107543945
,1622572830.0,24.26401710510254
,1622572860.0,24.267696380615234
,1622572890.0,24.271371841430664
,1622572920.0,24.275043487548828
,1622572950.0,24.278711318969727
,1622572980.0,24.282373428344727
,1622573010.0,24.28603172302246
,1622573040.0,24.28968620300293
,1622573070.0,24.293336868286133
,1622573100.0,24.296981811523438
,1622573130.0,24.300622940063477
,1622573160.0,24.30426025390625
,1622573190.0,24.307893753051758
,1622573220.0,24.311521530151367
,1622573250.0,24.31514549255371
,1622573280.0,24.31876564025879
,1622573310.0,24.3223819732666
,1622573340.0,24.325992584228516
,1622573370.0,24.329599380493164
,1622573400.0,24.333202362060547
,1622573430.0,24.336801528930664
,1622573460.0,24.340394973754883
,1622573490.0,24.343984603881836
,1622573520.0,24.347570419311523
,1622573550.0,24.351152420043945
,1622573580.0,24.3547306060791
,1622573610.0,24.35830307006836
,1622573640.0,24.36187171936035
,1622573670.0,24.365436553955078
,1622573700.0,24.36899757385254
,1622573730.0,24.372554779052734
,1622573760.0,24.37610626220703
,1622573790.0,24.379653930664062
,1622573820.0,24.383197784423828
,1622573850.0,24.386737823486328
,1622573880.0,24.390274047851562
,1622573910.0,24.3938045501709
,1622573940.0,24.39733123779297
,1622573970.0,24.400854110717773
,1622574000.0,24.404373168945312
,1622574030.0,24.407888412475586
,1622574060.0,24.411399841308594
,1622574090.0,24.414905548095703
,1622574120.0,24.418407440185547
,1622574150.0,24.421905517578125
,1622574180.0,24.425399780273438
,1622574210.0,24.428890228271484
,1622574240.0,24.432376861572266
,1622574270.0,24.43585777282715
,1622574300.0,24.439334869384766
,1622574330.0,24.442808151245117
,1622574360.0,24.446277618408203
,1622574390.0,24.449743270874023
,1622574420.0,24.453205108642578
,1622574450.0,24.456663131713867
,1622574480.0,24.460115432739258
,1622574510.0,24.463563919067383
,1622574540.0,24.467008590698242
,1622574570.0,24.470449447631836
,1622574600.0,24.473886489868164
,1622574630.0,24.477319717407227
,1622574660.0,24.480749130249023
,1622574690.0,24.484174728393555
,1622574720.0,24.487594604492188
,1622574750.0,24.491010665893555
,1622574780.0,24.494422912597656
,1622574810.0,24.497831344604492
,1622574840.0,24.501235961914062
,1622574870.0,24.504636764526367
,1622574900.0,24.508033752441406
,1622574930.0,24.51142692565918
,1622574960.0,24.514816284179688
,1622574990.0,24.51820182800293
,1622575020.0,24.521581649780273
,1622575050.0,24.52495765686035
,1622575080.0,24.528329849243164
,1622575110.0,24.53169822692871
,1622575140.0,24.535062789916992
,1622575170.0,24.538423538208008
,1622575200.0,24.541780471801758
,1622575230.0,24.545133590698242
,1622575260.0,24.54848289489746
,1622575290.0,24.551828384399414
,1622575320.0,24.5551700592041
,1622575350.0,24.558507919311523
,1622575380.0,24.56184196472168
,1622575410.0,24.565170288085938
,1622575440.0,24.56849479675293
,1622575470.0,24.571815490722656
,1622575500.0,24.575132369995117
,1622575530.0,24.578445434570312
,1622575560.0,24.581754684448242
,1622575590.0,24.585060119628906
,1622575620.0,24.588361740112305
,1622575650.0,24.591659545898438
,1622575680.0,24.594953536987305
,1622575710.0,24.598243713378906
,1622575740.0,24.601530075073242
,1622575770.0,24.604812622070312
,1622575800.0,24.608091354370117
,1622575830.0,24.611366271972656
,1622575860.0,24.61463737487793
,1622575890.0,24.617904663085938
,1622575920.0,24.62116813659668
,1622575950.0,24.624427795410156
,1622575980.0,24.627683639526367
,1622576010.0,24.630935668945312
,1622576040.0,24.634183883666992
,1622576070.0,24.637428283691406
,1622576100.0,24.640668869018555
,1622576130.0,24.643905639648438
,1622576160.0,24.647138595581055
,1622576190.0,24.650367736816406
,1622576220.0,24.653593063354492
,1622576250.0,24.656814575195312
,1622576280.0,24.660032272338867
,1622576310.0,24.663246154785156
,1622576340.0,24.66645622253418
,1622576370.0,24.669662475585938
,1622576400.0,24.67286491394043
,1622576430.0,24.676063537597656
,1622576460.0,24.679258346557617
,1622576490.0,24.682449340820312
,1622576520.0,24.685636520385742
,1622576550.0,24.688819885253906
,1622576580.0,24.691999435424805
,1622576610.0,24.695175170898438
,1622576640.0,24.698347091674805
,1622576670.0,24.701515197753906
,1622576700.0,24.704679489135742
,1622576730.0,24.707839965820312
,1622576760.0,24.710996627807617
,1622576790.0,24.714149475097656
,1622576820.0,24.71729850769043
,1622576850.0,24.720443725585938
,1622576880.0,24.723587036132812
,1622576910.0,24.726726531982422
,1622576940.0,24.729862213134766
,1622576970.0,24.732994079589844
,1622577000.0,24.736122131347656
,1622577030.0,24.739246368408203
,1622577060.0,24.742366790771484
,1622577090.0,24.7454833984375
,1622577120.0,24.74859619140625
,1622577150.0,24.751705169677734
,1622577180.0,24.754810333251953
,1622577210.0,24.757911682128906
,1622577240.0,24.761009216308594
,1622577270.0,24.764102935791016
,1622577300.0,24.767194747924805
,1622577330.0,24.770282745361328
,1622577360.0,24.773366928100586
,1622577390.0,24.776447296142578
,1622577420.0,24.779523849487305
,1622577450.0,24.782596588134766
,1622577480.0,24.78566551208496
,1622577510.0,24.78873062133789
,1622577540.0,24.791791915893555
,1622577570.0,24.794849395751953
,1622577600.0,24.79790496826172
,1622577630.0,24.80095672607422
,1622577660.0,24.804004669189453
,1622577690.0,24.807048797607422
,1622577720.0,24.810089111328125
,1622577750.0,24.813125610351562
,1622577780.0,24.816158294677734
,1622577810.0,24.81918716430664
,1622577840.0,24.822214126586914
,1622577870.0,24.825237274169922
,1622577900.0,24.828256607055664
,1622577930.0,24.83127212524414
,1622577960.0,24.83428382873535
,1622577990.0,24.837291717529297
,1622578020.0,24.840295791625977
,1622578050.0,24.84329605102539
,1622578080.0,24.846294403076172
,1622578110.0,24.849288940429688
,1622578140.0,24.852279663085938
,1622578170.0,24.855266571044922
,1622578200.0,24.85824966430664
,1622578230.0,24.861228942871094
,1622578260.0,24.864206314086914
,1622578290.0,24.86717987060547
,1622578320.0,24.870149612426758
,1622578350.0,24.87311553955078
,1622578380.0,24.87607765197754
,1622578410.0,24.87903594970703
,1622578440.0,24.88199234008789
,1622578470.0,24.884944915771484
,1622578500.0,24.887893676757812
,1622578530.0,24.890838623046875
,1622578560.0,24.893779754638672
,1622578590.0,24.896717071533203
,1622578620.0,24.8996524810791
,1622578650.0,24.902584075927734
,1622578680.0,24.9055118560791
,1622578710.0,24.908435821533203
,1622578740.0,24.91135597229004
,1622578770.0,24.914274215698242
,1622578800.0,24.91718864440918
,1622578830.0,24.92009925842285
,1622578860.0,24.923006057739258
,1622578890.0,24.9259090423584
,1622578920.0,24.928810119628906
,1622578950.0,24.93170738220215
,1622578980.0,24.934600830078125
,1622579010.0,24.937490463256836
,1622579040.0,24.94037628173828
,1622579070.0,24.943260192871094
,1622579100.0,24.94614028930664
,1622579130.0,24.949016571044922
,1622579160.0,24.951889038085938
,1622579190.0,24.95475959777832
,1622579220.0,24.957626342773438
,1622579250.0,24.96048927307129
,1622579280.0,24.963348388671875
,1622579310.0,24.966205596923828
,1622579340.0,24.969058990478516
,1622579370.0,24.971908569335938
,1622579400.0,24.974754333496094
,1622579430.0,24.977596282958984
,1622579460.0,24.980436325073242
,1622579490.0,24.983272552490234
,1622579520.0,24.98610496520996
,1622579550.0,24.988933563232422
,1622579580.0,24.99176025390625
,1622579610.0,24.994583129882812
,1622579640.0,24.99740219116211
,1622579670.0,25.00021743774414
,1622579700.0,25.00303077697754
,1622579730.0,25.005840301513672
,1622579760.0,25.00864601135254
,1622579790.0,25.011449813842773
,1622579820.0,25.014249801635742
,1622579850.0,25.017045974731445
,1622579880.0,25.019838333129883
,1622579910.0,25.022628784179688
,1622579940.0,25.025415420532227
,1622579970.0,25.0281982421875
,1622580000.0,25.030977249145508
,1622580030.0,25.033754348754883
,1622580060.0,25.036527633666992
,1622580090.0,25.039297103881836
,1622580120.0,25.042064666748047
,1622580150.0,25.044828414916992
,1622580180.0,25.047588348388672
,1622580210.0,25.050344467163086
,1622580240.0,25.053098678588867
,1622580270.0,25.055849075317383
,1622580300.0,25.058595657348633
,1622580330.0,25.06134033203125
,1622580360.0,25.0640811920166
,1622580390.0,25.066818237304688
,1622580420.0,25.06955337524414
,1622580450.0,25.072284698486328
,1622580480.0,25.07501220703125
,1622580510.0,25.07773780822754
,1622580540.0,25.080459594726562
,1622580570.0,25.08317756652832
,1622580600.0,25.085893630981445
,1622580630.0,25.088605880737305
,1622580660.0,25.0913143157959
,1622580690.0,25.094018936157227
,1622580720.0,25.096721649169922
,1622580750.0,25.09942054748535
,1622580780.0,25.102115631103516
,1622580810.0,25.104808807373047
,1622580840.0,25.107498168945312
,1622580870.0,25.110185623168945
,1622580900.0,25.112869262695312
,1622580930.0,25.115549087524414
,1622580960.0,25.118227005004883
,1622580990.0,25.120901107788086
,1622581020.0,25.123571395874023
,1622581050.0,25.126239776611328
,1622581080.0,25.128904342651367
,1622581110.0,25.13156509399414
,1622581140.0,25.13422393798828
,1622581170.0,25.136878967285156
,1622581200.0,25.139530181884766
,1622581230.0,25.142179489135742
,1622581260.0,25.144824981689453
,1622581290.0,25.1474666595459
,1622581320.0,25.15010643005371
,1622581350.0,25.152742385864258
,1622581380.0,25.155376434326172
,1622581410.0,25.15800666809082
,1622581440.0,25.160633087158203
,1622581470.0,25.163257598876953
,1622581500.0,25.165878295898438
,1622581530.0,25.168495178222656
,1622581560.0,25.171110153198242
,1622581590.0,25.173721313476562
,1622581620.0,25.17633056640625
,1622581650.0,25.178936004638672
,1622581680.0,25.181537628173828
,1622581710.0,25.18413734436035
,1622581740.0,25.18673324584961
,1622581770.0,25.189327239990234
,1622581800.0,25.191917419433594
,1622581830.0,25.194503784179688
,1622581860.0,25.19708824157715
,1622581890.0,25.199668884277344
,1622581920.0,25.202247619628906
,1622581950.0,25.204822540283203
,1622581980.0,25.207393646240234
,1622582010.0,25.209962844848633
,1622582040.0,25.212528228759766
,1622582070.0,25.215091705322266
,1622582100.0,25.2176513671875
,1622582130.0,25.2202091217041
,1622582160.0,25.222763061523438
,1622582190.0,25.225313186645508
,1622582220.0,25.227861404418945
,1622582250.0,25.230405807495117
,1622582280.0,25.232948303222656
,1622582310.0,25.23548698425293
,1622582340.0,25.238021850585938
,1622582370.0,25.240554809570312
,1622582400.0,25.243083953857422
,1622582430.0,25.2456111907959
,1622582460.0,25.24813461303711
,1622582490.0,25.250656127929688
,1622582520.0,25.253173828125
,1622582550.0,25.25568962097168
,1622582580.0,25.258201599121094
,1622582610.0,25.260709762573242
,1622582640.0,25.263216018676758
,1622582670.0,25.265718460083008
,1622582700.0,25.268218994140625
,1622582730.0,25.270715713500977
,1622582760.0,25.273210525512695
,1622582790.0,25.27570152282715
,1622582820.0,25.27819061279297
,1622582850.0,25.280675888061523
,1622582880.0,25.283159255981445
,1622582910.0,25.2856388092041
,1622582940.0,25.288116455078125
,1622582970.0,25.290590286254883
,1622583000.0,25.293060302734375
,1622583030.0,25.295528411865234
,1622583060.0,25.297992706298828
,1622583090.0,25.30045509338379
,1622583120.0,25.302913665771484
,1622583150.0,25.305370330810547
,1622583180.0,25.307823181152344
,1622583210.0,25.310274124145508
,1622583240.0,25.312721252441406
,1622583270.0,25.315166473388672
,1622583300.0,25.317607879638672
,1622583330.0,25.32004737854004
,1622583360.0,25.32248306274414
,1622583390.0,25.32491683959961
,1622583420.0,25.327346801757812
,1622583450.0,25.329774856567383
,1622583480.0,25.332199096679688
,1622583510.0,25.33462142944336
,1622583540.0,25.337039947509766
,1622583570.0,25.33945655822754
,1622583600.0,25.341869354248047
,1622583630.0,25.344280242919922
,1622583660.0,25.34668731689453
,1622583690.0,25.349092483520508
,1622583720.0,25.35149383544922
,1622583750.0,25.353893280029297
,1622583780.0,25.35628890991211
,1622583810.0,25.35868263244629
,1622583840.0,25.361072540283203
,1622583870.0,25.363460540771484
,1622583900.0,25.365846633911133
,1622583930.0,25.368228912353516
,1622583960.0,25.370609283447266
,1622583990.0,25.37298583984375
,1622584020.0,25.3753604888916
,1622584050.0,25.377731323242188
,1622584080.0,25.38010025024414
,1622584110.0,25.382465362548828
,1622584140.0,25.384828567504883
,1622584170.0,25.387187957763672
,1622584200.0,25.389545440673828
,1622584230.0,25.39189910888672
,1622584260.0,25.394250869750977
,1622584290.0,25.39659881591797
,1622584320.0,25.398944854736328
,1622584350.0,25.401288986206055
,1622584380.0,25.403629302978516
,1622584410.0,25.405967712402344
,1622584440.0,25.408302307128906
,1622584470.0,25.410634994506836
,1622584500.0,25.4129638671875
,1622584530.0,25.41529083251953
,1622584560.0,25.41761589050293
,1622584590.0,25.419937133789062
,1622584620.0,25.422256469726562
,1622584650.0,25.424571990966797
,1622584680.0,25.4268856048584
,1622584710.0,25.429195404052734
,1622584740.0,25.431503295898438
,1622584770.0,25.433807373046875
,1622584800.0,25.43610954284668
,1622584830.0,25.43840980529785
,1622584860.0,25.440706253051758
,1622584890.0,25.44300079345703
,1622584920.0,25.44529151916504
,1622584950.0,25.447580337524414
,1622584980.0,25.449867248535156
,1622585010.0,25.452150344848633
,1622585040.0,25.454431533813477
,1622585070.0,25.456708908081055
,1622585100.0,25.458984375
,1622585130.0,25.461257934570312
,1622585160.0,25.46352767944336
,1622585190.0,25.465795516967773
,1622585220.0,25.468059539794922
,1622585250.0,25.470321655273438
,1622585280.0,25.47258186340332
,1622585310.0,25.474838256835938
,1622585340.0,25.477092742919922
,1622585370.0,25.47934341430664
,1622585400.0,25.481592178344727
,1622585430.0,25.48383903503418
,1622585460.0,25.486082077026367
,1622585490.0,25.488323211669922
,1622585520.0,25.49056053161621
,1622585550.0,25.492795944213867
,1622585580.0,25.49502944946289
,1622585610.0,25.49725914001465
,1622585640.0,25.499486923217773
,1622585670.0,25.501712799072266
,1622585700.0,25.503934860229492
,1622585730.0,25.506155014038086
,1622585760.0,25.508371353149414
,1622585790.0,25.51058578491211
,1622585820.0,25.512798309326172
,1622585850.0,25.51500701904297
,1622585880.0,25.517213821411133
,1622585910.0,25.519418716430664
,1622585940.0,25.52161979675293
,1622585970.0,25.523818969726562
,1622586000.0,25.526016235351562
,1622586030.0,25.528209686279297
,1622586060.0,25.5304012298584
,1622586090.0,25.532588958740234
,1622586120.0,25.534774780273438
,1622586150.0,25.536958694458008
,1622586180.0,25.539138793945312
,1622586210.0,25.541316986083984
,1622586240.0,25.543493270874023
,1622586270.0,25.545665740966797
,1622586300.0,25.547836303710938
,1622586330.0,25.550004959106445
,1622586360.0,25.552169799804688
,1622586390.0,25.554332733154297
,1622586420.0,25.556493759155273
,1622586450.0,25.558650970458984
,1622586480.0,25.560806274414062
,1622586510.0,25.562959671020508
,1622586540.0,25.565109252929688
,1622586570.0,25.567256927490234
,1622586600.0,25.56940269470215
,1622586630.0,25.571544647216797
,1622586660.0,25.573684692382812
,1622586690.0,25.575822830200195
,1622586720.0,25.577957153320312
,1622586750.0,25.580089569091797
,1622586780.0,25.58222007751465
,1622586810.0,25.584348678588867
,1622586840.0,25.58647346496582
,1622586870.0,25.58859634399414
,1622586900.0,25.590717315673828
,1622586930.0,25.59283447265625
,1622586960.0,25.59494972229004
,1622586990.0,25.597063064575195
,1622587020.0,25.599172592163086
,1622587050.0,25.601280212402344
,1622587080.0,25.60338592529297
,1622587110.0,25.605487823486328
,1622587140.0,25.607587814331055
,1622587170.0,25.60968589782715
,1622587200.0,25.61178207397461
,1622587230.0,25.613874435424805
,1622587260.0,25.615964889526367
,1622587290.0,25.618053436279297
,1622587320.0,25.62013816833496
,1622587350.0,25.622220993041992
,1622587380.0,25.62430191040039
,1622587410.0,25.626380920410156
,1622587440.0,25.628456115722656
,1622587470.0,25.630529403686523
,1622587500.0,25.632600784301758
,1622587530.0,25.634668350219727
,1622587560.0,25.636734008789062
,1622587590.0,25.638797760009766
,1622587620.0,25.640859603881836
,1622587650.0,25.64291763305664
,1622587680.0,25.644973754882812
,1622587710.0,25.64702796936035
,1622587740.0,25.649080276489258
,1622587770.0,25.6511287689209
,1622587800.0,25.653175354003906
,1622587830.0,25.65522003173828
,1622587860.0,25.65726089477539
,1622587890.0,25.659299850463867
,1622587920.0,25.66133689880371
,1622587950.0,25.663372039794922
,1622587980.0,25.665403366088867
,1622588010.0,25.66743278503418
,1622588040.0,25.66946029663086
,1622588070.0,25.671485900878906
,1622588100.0,25.673507690429688
,1622588130.0,25.675527572631836
,1622588160.0,25.67754554748535
,1622588190.0,25.679561614990234
,1622588220.0,25.68157386779785
,1622588250.0,25.683584213256836
,1622588280.0,25.685592651367188
,1622588310.0,25.687599182128906
,1622588340.0,25.68960189819336
,1622588370.0,25.69160270690918
,1622588400.0,25.693601608276367
,1622588430.0,25.695598602294922
,1622588460.0,25.697593688964844
,1622588490.0,25.6995849609375
,1622588520.0,25.701574325561523
,1622588550.0,25.703561782836914
,1622588580.0,25.705547332763672
,1622588610.0,25.707529067993164
,1622588640.0,25.709508895874023
,1622588670.0,25.71148681640625
,1622588700.0,25.713462829589844
,1622588730.0,25.715436935424805
,1622588760.0,25.7174072265625
,1622588790.0,25.719375610351562
,1622588820.0,25.721342086791992
,1622588850.0,25.72330665588379
,1622588880.0,25.72526741027832
,1622588910.0,25.72722625732422
,1622588940.0,25.729183197021484
,1622588970.0,25.731138229370117
,1622589000.0,25.733091354370117
,1622589030.0,25.73504066467285
,1622589060.0,25.736988067626953
,1622589090.0,25.738933563232422
,1622589120.0,25.740877151489258
,1622589150.0,25.74281883239746
,1622589180.0,25.7447566986084
,1622589210.0,25.746692657470703
,1622589240.0,25.748626708984375
,1622589270.0,25.750558853149414
,1622589300.0,25.75248908996582
,1622589330.0,25.75441551208496
,1622589360.0,25.75634002685547
,1622589390.0,25.758262634277344
,1622589420.0,25.760183334350586
,1622589450.0,25.762102127075195
,1622589480.0,25.764019012451172
,1622589510.0,25.765932083129883
,1622589540.0,25.76784324645996
,1622589570.0,25.769752502441406
,1622589600.0,25.77165985107422
,1622589630.0,25.7735652923584
,1622589660.0,25.775466918945312
,1622589690.0,25.777366638183594
,1622589720.0,25.779264450073242
,1622589750.0,25.781160354614258
,1622589780.0,25.78305435180664
,1622589810.0,25.78494644165039
,1622589840.0,25.786834716796875
,1622589870.0,25.788721084594727
,1622589900.0,25.790605545043945
,1622589930.0,25.79248809814453
,1622589960.0,25.794368743896484
,1622589990.0,25.796247482299805
,1622590020.0,25.79812240600586
,1622590050.0,25.79999542236328
,1622590080.0,25.80186653137207
,1622590110.0,25.803735733032227
,1622590140.0,25.80560302734375
,1622590170.0,25.80746841430664
,1622590200.0,25.8093318939209
,1622590230.0,25.81119155883789
,1622590260.0,25.81304931640625
,1622590290.0,25.814905166625977
,1622590320.0,25.81675910949707
,1622590350.0,25.81861114501953
,1622590380.0,25.82046127319336
,1622590410.0,25.822309494018555
,1622590440.0,25.824153900146484
,1622590470.0,25.82599639892578
,1622590500.0,25.827836990356445
,1622590530.0,25.829675674438477
,1622590560.0,25.831512451171875
,1622590590.0,25.83334732055664
,1622590620.0,25.835180282592773
,1622590650.0,25.83700942993164
,1622590680.0,25.838836669921875
,1622590710.0,25.840662002563477
,1622590740.0,25.842485427856445
,1622590770.0,25.84430694580078
,1622590800.0,25.846126556396484
,1622590830.0,25.847944259643555
,1622590860.0,25.849760055541992
,1622590890.0,25.851572036743164
,1622590920.0,25.853382110595703
,1622590950.0,25.85519027709961
,1622590980.0,25.856996536254883
,1622591010.0,25.858800888061523
,1622591040.0,25.86060333251953
,1622591070.0,25.862403869628906
,1622591100.0,25.86420249938965
,1622591130.0,25.865999221801758
,1622591160.0,25.8677921295166
,1622591190.0,25.869583129882812
,1622591220.0,25.87137222290039
,1622591250.0,25.873159408569336
,1622591280.0,25.87494468688965
,1622591310.0,25.876728057861328
,1622591340.0,25.878509521484375
,1622591370.0,25.88028907775879
,1622591400.0,25.88206672668457
,1622591430.0,25.88384246826172
,1622591460.0,25.8856143951416
,1622591490.0,25.88738441467285
,1622591520.0,25.88915252685547
,1622591550.0,25.890918731689453
,1622591580.0,25.892683029174805
,1622591610.0,25.894445419311523
,1622591640.0,25.89620590209961
,1622591670.0,25.897964477539062
,1622591700.0,25.899721145629883
,1622591730.0,25.90147590637207
,1622591760.0,25.903228759765625
,1622591790.0,25.904979705810547
,1622591820.0,25.906726837158203
,1622591850.0,25.908472061157227
,1622591880.0,25.910215377807617
,1622591910.0,25.911956787109375
,1622591940.0,25.9136962890625
,1622591970.0,25.915433883666992
